training/bc/bc_log_prob,training/bc/bc_loss,training/bc/mse,training/bc/std,training/flow_occupancy/current_flow_matching_loss,training/flow_occupancy/flow_future_obs_max,training/flow_occupancy/flow_future_obs_min,training/flow_occupancy/flow_matching_loss,training/flow_occupancy/future_flow_matching_loss,training/flow_occupancy/gamma_h_mean,training/flow_occupancy/kl_loss,training/flow_occupancy/neg_elbo_loss,training/grad/max,training/grad/min,training/grad/norm,validation/bc/bc_log_prob,validation/bc/bc_loss,validation/bc/mse,validation/bc/std,validation/flow_occupancy/current_flow_matching_loss,validation/flow_occupancy/flow_future_obs_max,validation/flow_occupancy/flow_future_obs_min,validation/flow_occupancy/flow_matching_loss,validation/flow_occupancy/future_flow_matching_loss,validation/flow_occupancy/gamma_h_mean,validation/flow_occupancy/kl_loss,validation/flow_occupancy/neg_elbo_loss,time/epoch_time,time/total_time,step
-4.634018,4.634018,0.015730204,1.0,0.92195696,6.2667046,-4.069918,0.012489293,0.005471741,0.9869533,0.65434694,0.019032761,0.033687808,-0.019408684,0.3704559,-4.6295033,4.6295033,0.013924137,1.0,0.9992564,4.0466504,-3.1202073,0.015014418,0.01453973,0.9870862,0.67675424,0.02178196,0.006882395267486572,34.41201829910278,5000
-4.6509933,4.6509933,0.022520272,1.0,1.2485745,10.329217,-6.528193,0.015756525,0.012004783,0.98885655,1.0411055,0.026167579,0.030507812,-0.031663835,0.53497916,-4.6319017,4.6319017,0.014883612,1.0,1.2431823,10.568268,-5.9673605,0.023527203,0.01609329,0.9860477,1.0464427,0.03399163,0.0025194075584411622,47.00906038284302,10000
-4.6346183,4.6346183,0.0159702,1.0,1.212938,19.90487,-10.585992,0.026245235,0.059298836,0.98730147,1.193506,0.038180295,0.0363125,-0.042214375,1.1744866,-4.628733,4.628733,0.013616121,1.0,1.2094909,17.358212,-11.188285,0.025120717,0.042945586,0.9871497,1.2183368,0.037304085,0.0024873414993286133,59.44577145576477,15000
-4.63064,4.63064,0.014379061,1.0,1.1047223,27.132418,-10.859533,0.02533234,0.10587543,0.98820126,1.4915135,0.040247474,0.036716353,-0.033081178,1.2405019,-4.6424956,4.6424956,0.019121148,1.0,1.3210205,17.358212,-15.432691,0.031144492,0.10104741,0.98790425,1.5585022,0.046729513,0.002558988618850708,72.24071836471558,20000
-4.637464,4.637464,0.01710856,1.0,1.996485,30.138325,-10.859533,0.029341443,0.028525827,0.9884622,1.7749202,0.047090642,0.05655539,-0.04450364,1.0810599,-4.6256557,4.6256557,0.012385197,1.0,2.0219824,17.358212,-17.497831,0.048056588,0.060533233,0.98712593,1.8101531,0.066158116,0.00247075138092041,84.59447908401489,25000
-4.6383944,4.6383944,0.017480886,1.0,2.197199,30.138325,-10.859533,0.030546661,0.05142553,0.98855525,1.8096709,0.048643373,0.0986496,-0.06945526,2.0596168,-4.625086,4.625086,0.012157271,1.0,2.2580786,17.358212,-17.411528,0.032067936,0.066149615,0.987386,1.833974,0.050407678,0.002425722360610962,96.72309470176697,30000
-4.634081,4.634081,0.015755342,1.0,1.3036659,30.138325,-10.859533,0.021123365,0.20852116,0.9873857,1.9846538,0.0409699,0.066359915,-0.053977296,1.4774839,-4.6464486,4.6464486,0.020702437,1.0,1.0361083,17.358212,-17.637016,0.018283902,0.13483982,0.9869808,1.9659986,0.03794389,0.00246368670463562,109.04153156280518,35000
-4.641366,4.641366,0.018669495,1.0,0.76401913,30.138325,-10.859533,0.026220318,0.06986815,0.98687345,1.4983796,0.041204114,0.029628567,-0.019121993,1.3629644,-4.6427364,4.6427364,0.019217622,1.0,0.7534558,17.358212,-19.842863,0.018357784,0.09743663,0.98584855,1.5094132,0.033451915,0.0024657800197601318,121.37043571472168,40000
-4.6392093,4.6392093,0.017806625,1.0,0.54803365,30.138325,-11.178064,0.011464009,0.07225613,0.9876532,0.92282414,0.020692252,0.028783416,-0.04797991,0.6555276,-4.643654,4.643654,0.01958458,1.0,0.85650754,17.358212,-19.842863,0.014895228,0.0565422,0.9854747,0.9182552,0.02407778,0.002479049777984619,133.76568913459778,45000
-4.634688,4.634688,0.0159981,1.0,0.9323895,30.138325,-10.859533,0.014029035,0.03318449,0.9877035,0.4853129,0.018882165,0.067067295,-0.061687965,1.5129887,-4.645521,4.645521,0.02033138,1.0,0.6333235,17.358212,-19.842863,0.01228564,0.034892824,0.9875854,0.50247467,0.017310387,0.0024459113597869874,145.99524974822998,50000
-4.642086,4.642086,0.018957386,1.0,0.4949641,11.292028,-8.2641735,0.008289081,0.027747983,0.98741484,0.24392122,0.010728293,0.079451226,-0.022882145,0.4963891,-4.642391,4.642391,0.01907938,1.0,0.580356,17.358212,-19.842863,0.00994109,0.021501847,0.9878969,0.24827123,0.012423802,0.002443098735809326,158.2107470035553,55000
-4.6352825,4.6352825,0.016235964,1.0,0.42956603,11.72851,-9.70049,0.008047996,0.014880444,0.9862559,0.19826028,0.010030599,0.02991004,-0.03058697,0.41097414,-4.641842,4.641842,0.018859824,1.0,0.5935781,17.358212,-19.842863,0.0094464505,0.023262288,0.9888582,0.2014418,0.011460869,0.002449415159225464,170.45782709121704,60000
-4.6329727,4.6329727,0.015311885,1.0,0.4151264,25.394438,-8.337129,0.044745214,0.055517863,0.98749816,0.1377516,0.04612273,0.67893153,-0.52579504,13.250985,-4.6423683,4.6423683,0.019070363,1.0,0.5285975,5.986328,-3.5338159,0.012050776,0.028351746,0.98661983,0.14487097,0.013499485,0.00247837233543396,182.84969282150269,65000
-4.6407785,4.6407785,0.01843433,1.0,0.43641967,9.453642,-10.596232,0.0091096405,0.029764468,0.9881283,0.14930926,0.010602733,0.0410967,-0.04605569,0.56365067,-4.6433578,4.6433578,0.019466082,1.0,0.4485036,3.834459,-5.673747,0.00997415,0.29325086,0.9881841,0.14893672,0.011463517,0.0024415395259857176,195.0573947429657,70000
-4.6246076,4.6246076,0.011965975,1.0,0.36611593,13.745593,-10.040359,0.005997595,0.015092323,0.9875902,0.10491075,0.0070467023,0.01996773,-0.02700603,0.3310571,-4.6282086,4.6282086,0.0134063065,1.0,0.43195063,7.190774,-9.438189,0.009655344,0.022798877,0.9870831,0.105903655,0.010714381,0.002357256269454956,206.84367966651917,75000
-4.631635,4.631635,0.014777026,1.0,0.38740844,10.52688,-10.859533,0.0065638684,0.019451983,0.9881945,0.09898877,0.0075537562,0.029348731,-0.02609202,0.43121317,-4.639386,4.639386,0.01787753,1.0,0.50187147,7.7113714,-3.96416,0.014996654,0.036441132,0.98826575,0.10056688,0.016002323,0.0024024459362030027,218.85591340065002,80000
-4.630395,4.630395,0.014280945,1.0,0.39217582,12.085179,-7.486578,0.006221422,0.017507613,0.98660636,0.120802894,0.0074294508,0.016012622,-0.02628018,0.40075523,-4.645112,4.645112,0.020167802,1.0,0.47339654,3.6160553,-7.3559237,0.01192072,0.028931404,0.9878335,0.12147212,0.013135442,0.0024445091724395753,231.07846331596375,85000
-4.6333284,4.6333284,0.015454322,1.0,0.4179512,8.957133,-9.582813,0.0068502403,0.018102556,0.98710835,0.07846418,0.007634882,0.039767567,-0.02426891,0.49023235,-4.6346893,4.6346893,0.015998794,1.0,0.42658716,5.7107787,-3.5775979,0.009547639,0.029173717,0.9878402,0.0791502,0.010339141,0.0024211911678314207,243.1844232082367,90000
-4.6358967,4.6358967,0.016481776,1.0,0.36217606,11.643617,-7.993181,0.0071872286,0.019552642,0.9875519,0.07257101,0.0079129385,0.03937185,-0.019843195,0.48562312,-4.6343164,4.6343164,0.015849404,1.0,0.44143796,7.979704,-5.1921597,0.008226623,0.035271585,0.9868367,0.075783804,0.0089844605,0.0024886891841888427,255.62787294387817,95000
-4.6259294,4.6259294,0.012494712,1.0,0.37638378,30.138325,-10.859533,0.008854756,7.299305,0.98704064,0.06435773,0.009498334,0.044962797,-0.009410714,0.45043635,-4.6379843,4.6379843,0.017316578,1.0,0.43731606,9.503624,-5.6461797,0.009168818,0.033981387,0.98755443,0.06425723,0.00981139,0.002414807891845703,267.7019166946411,100000
-4.6382227,4.6382227,0.017412232,1.0,0.3511293,8.200136,-11.9111805,0.0061136335,0.015232919,0.98730433,0.06306116,0.006744245,0.015010213,-0.034275945,0.5359061,-4.6414223,4.6414223,0.018691856,1.0,0.38555583,5.402571,-6.091374,0.007999932,0.031430934,0.9877412,0.06334888,0.008633421,0.00240986590385437,279.75124979019165,105000
-4.6368313,4.6368313,0.016855504,1.0,0.39643386,10.07942,-12.73778,0.0070952727,0.017024487,0.9873137,0.07289363,0.007824209,0.04096491,-0.025487216,0.5222933,-4.6293197,4.6293197,0.0138509795,1.0,0.40662792,13.792345,-4.1100016,0.008201609,0.030401357,0.9875796,0.074121654,0.008942826,0.002448834848403931,291.99542784690857,110000
-4.620834,4.620834,0.010456488,1.0,0.34063482,8.8509445,-8.312307,0.005544747,0.016299069,0.98836464,0.0843656,0.006388403,0.02024109,-0.023953049,0.3438943,-4.6332154,4.6332154,0.015408966,1.0,0.4208756,3.9406288,-7.3316107,0.009688322,0.032691475,0.9877261,0.08694211,0.010557744,0.0024260390281677247,304.1256260871887,115000
-4.6245747,4.6245747,0.011952831,1.0,0.32977062,9.870036,-11.328256,0.005599833,0.016109878,0.9881958,0.09771937,0.006577027,0.01988567,-0.035599116,0.41111815,-4.6518,4.6518,0.02284295,1.0,0.40957332,7.379278,-7.524913,0.007842252,0.03291929,0.98780453,0.10107528,0.008853005,0.002419385242462158,316.2225568294525,120000
-4.6267676,4.6267676,0.012829989,1.0,0.35659933,10.413523,-11.41376,0.006254889,0.014532592,0.9870786,0.10067779,0.007261667,0.035068806,-0.030116783,0.40944156,-4.657793,4.657793,0.025240308,1.0,0.43235028,4.5716176,-4.30469,0.00773293,0.022876788,0.9869477,0.101423204,0.008747162,0.002442072677612305,328.4329242706299,125000
-4.6255903,4.6255903,0.012359269,1.0,0.4171486,12.910341,-7.3858094,0.00687161,0.016436506,0.9877669,0.18671227,0.008738733,0.023249362,-0.022657972,0.42384943,-4.635257,4.635257,0.016225744,1.0,0.44203377,9.006745,-11.405624,0.0080499705,0.03628928,0.9867128,0.19452485,0.009995219,0.0024798677921295167,340.83226680755615,130000
-4.6225033,4.6225033,0.011124306,1.0,0.5330584,10.237989,-10.099723,0.0077441745,0.014264497,0.98796,0.36991537,0.011443328,0.02904471,-0.023599923,0.3942384,-4.641448,4.641448,0.018702216,1.0,0.60237247,7.0362067,-8.615843,0.010135377,0.020967718,0.98702514,0.3823035,0.013958411,0.0024803244590759278,353.23389315605164,135000
-4.634216,4.634216,0.015809288,1.0,0.5173051,11.448537,-11.898797,0.008859068,0.014247359,0.9869821,0.49983796,0.013857448,0.03758805,-0.023307718,0.57848173,-4.6335096,4.6335096,0.0155267585,1.0,0.61910486,4.8657646,-8.489674,0.008986789,0.018228436,0.9876927,0.50610626,0.014047852,0.0024713427543640136,365.5906112194061,140000
-4.6234837,4.6234837,0.011516229,1.0,0.5223926,8.193754,-9.983313,0.009407975,0.024713725,0.9877349,0.47688136,0.014176788,0.020570764,-0.01522495,0.5137446,-4.6397734,4.6397734,0.018032325,1.0,0.5329002,5.6615486,-12.686639,0.009344964,0.024232239,0.9880773,0.48323295,0.0141772935,0.002543774604797363,378.3094873428345,145000
-4.6252775,4.6252775,0.012233994,1.0,0.6203381,7.033539,-10.89568,0.009355973,0.023156844,0.98825234,0.43152177,0.013671191,0.019415624,-0.030184375,0.6352309,-4.660453,4.660453,0.02630419,1.0,0.59523153,7.5013027,-11.066769,0.010954778,0.044615023,0.98718953,0.43691188,0.015323896,0.002548559331893921,391.05228781700134,150000
-4.627776,4.627776,0.013233346,1.0,0.46794719,9.83566,-10.327194,0.008533146,0.018135723,0.9869679,0.3252114,0.01178526,0.027740171,-0.041604523,0.5844873,-4.6383553,4.6383553,0.017464934,1.0,0.5099125,5.7794886,-13.848393,0.009050765,0.02172827,0.98778915,0.3314132,0.012364897,0.0024995564460754396,403.5500738620758,155000
-4.6265473,4.6265473,0.012741834,1.0,0.36354226,15.884934,-13.405934,0.007641324,0.020550169,0.9871766,0.28414407,0.010482765,0.026338851,-0.019718079,0.4797551,-4.6354237,4.6354237,0.016292408,1.0,0.49375552,6.4437265,-14.015575,0.008467407,0.027563991,0.987665,0.2805913,0.01127332,0.0025187939167022706,416.1440472602844,160000
-4.6279116,4.6279116,0.013287547,1.0,0.42090696,10.414791,-11.842657,0.008361201,0.019108184,0.9866041,0.21744058,0.010535606,0.020134553,-0.024671383,0.5797498,-4.6495047,4.6495047,0.021924755,1.0,0.48457158,6.7063627,-13.4192095,0.009654846,0.031830683,0.9881296,0.2230458,0.011885304,0.002499955129623413,428.6438343524933,165000
-4.628276,4.628276,0.0134330755,1.0,0.31997144,9.277494,-12.73829,0.006479062,0.016940948,0.9869139,0.18055034,0.008284565,0.043086134,-0.024876714,0.48261565,-4.643723,4.643723,0.01961207,1.0,0.41171533,5.360964,-12.37543,0.00884878,0.028927231,0.9879267,0.18525885,0.010701369,0.002484065818786621,441.0641746520996,170000
-4.6225696,4.6225696,0.011150868,1.0,0.3815291,10.25257,-14.829039,0.007222955,0.016059779,0.9876642,0.13314672,0.008554422,0.018877791,-0.032726888,0.44157088,-4.6457567,4.6457567,0.020425593,1.0,0.42443755,6.213198,-14.610018,0.008387362,0.029777229,0.98564607,0.13575739,0.009744936,0.002528222322463989,453.705290555954,175000
-4.624996,4.624996,0.012121516,1.0,0.33557183,11.599429,-12.408949,0.005681607,0.017042302,0.98755085,0.12626767,0.006944284,0.022192612,-0.014729621,0.44653925,-4.6355076,4.6355076,0.016326189,1.0,0.4113864,6.4424925,-13.5867405,0.009161299,0.027643004,0.98689795,0.12768856,0.010438184,0.002521941328048706,466.31500124931335,180000
-4.6254406,4.6254406,0.012299235,1.0,0.35881257,15.381668,-14.612779,0.0068192827,0.018681034,0.9880408,0.10352038,0.007854487,0.031567823,-0.034602348,0.45672095,-4.651435,4.651435,0.022696981,1.0,0.43830663,6.4437265,-12.445035,0.009176728,0.037439846,0.9870866,0.109097615,0.010267705,0.002521902227401733,478.9245159626007,185000
-4.6321363,4.6321363,0.014977633,1.0,0.36178035,15.222704,-15.856213,0.007594909,0.0208279,0.9866277,0.08821543,0.008477064,0.03805535,-0.039624944,0.5316931,-4.6507144,4.6507144,0.022408688,1.0,0.4079576,11.954208,-15.266283,0.0092424145,0.04265277,0.98704827,0.08786322,0.010121047,0.002500533437728882,491.42718720436096,190000
-4.621006,4.621006,0.010525376,1.0,0.32695466,15.884934,-13.043663,0.0066299513,0.015285224,0.9858492,0.07757566,0.007405708,0.027169744,-0.02467016,0.39326665,-4.6405373,4.6405373,0.018337945,1.0,0.4070144,3.8947558,-7.2082467,0.0068032276,0.03304332,0.98858845,0.07847538,0.0075879814,0.002482649993896484,503.84044122695923,195000
-4.620981,4.620981,0.010515464,1.0,0.30656835,15.884934,-11.55495,0.006347872,0.017124504,0.9868206,0.06809535,0.0070288256,0.028059263,-0.019414296,0.44911265,-4.6307464,4.6307464,0.014421547,1.0,0.40858746,5.839321,-12.68998,0.009092703,0.03630311,0.9882939,0.07058863,0.00979859,0.002483512306213379,516.2580063343048,200000
-4.6201363,4.6201363,0.010177334,1.0,0.3200964,8.34677,-15.526141,0.0051774317,0.01749447,0.986841,0.05910571,0.0057684886,0.019371228,-0.027995208,0.37821585,-4.6550326,4.6550326,0.02413602,1.0,0.39602506,4.4195395,-8.773697,0.008061965,0.033132106,0.9868906,0.05951089,0.008657074,0.0024750626087188723,528.6333231925964,205000
-4.6291313,4.6291313,0.013775294,1.0,0.3396216,14.930708,-15.782501,0.006615326,0.019865837,0.98638916,0.058779947,0.0072031254,0.039734673,-0.047200285,0.5019003,-4.646105,4.646105,0.020564824,1.0,0.3938734,4.3515215,-10.933297,0.008461582,0.034417868,0.9864775,0.056886196,0.009030444,0.0024691022396087646,540.9788389205933,210000
-4.6263313,4.6263313,0.012655598,1.0,0.34281138,10.9099045,-13.108009,0.0061775167,0.017123714,0.987875,0.054626603,0.0067237825,0.029382559,-0.022766804,0.50788265,-4.653534,4.653534,0.023536433,1.0,0.36340037,12.58556,-15.151532,0.009594511,0.11050789,0.9877578,0.05853188,0.01017983,0.0025107142925262452,553.5324149131775,215000
-4.621702,4.621702,0.010803855,1.0,0.33840007,12.5468445,-6.4752903,0.005469137,0.015617606,0.98770106,0.04960618,0.005965199,0.023306172,-0.020919118,0.36616462,-4.627309,4.627309,0.0130463485,1.0,0.38645107,3.519701,-3.5775979,0.009332907,0.031463362,0.9883564,0.049552273,0.00982843,0.0024304305553436278,565.6845712661743,220000
-4.6222258,4.6222258,0.011013102,1.0,0.3246926,15.884934,-9.370337,0.0076323343,0.020964283,0.9882967,0.039733097,0.008029665,0.022524878,-0.02034278,0.4693666,-4.640051,4.640051,0.018143428,1.0,0.36602065,4.839734,-6.8722405,0.007876601,0.030082764,0.9876915,0.03956885,0.008272289,0.0024713143825531004,578.0411484241486,225000
-4.6244054,4.6244054,0.011885113,1.0,0.31415868,9.498474,-8.865502,0.006406906,0.01711247,0.98806167,0.04690593,0.0068759653,0.029460149,-0.023619488,0.49739158,-4.65124,4.65124,0.022618948,1.0,0.35702318,3.9415534,-5.5929217,0.008952405,0.033426307,0.98798025,0.046583828,0.009418244,0.002529377794265747,590.688040971756,230000
-4.6230936,4.6230936,0.011360593,1.0,0.3130256,9.795376,-6.1370234,0.006299181,0.016746826,0.9874033,0.046637896,0.00676556,0.028559057,-0.02533809,0.3895136,-4.633441,4.633441,0.015499261,1.0,0.3512652,3.3931212,-3.7764726,0.008542832,0.039548878,0.9880345,0.04773077,0.009020139,0.0024654942512512207,603.0155158042908,235000
-4.6222973,4.6222973,0.0110417595,1.0,0.32399333,9.501966,-10.5402,0.005698606,0.017524417,0.9877907,0.04706355,0.0061692414,0.029450478,-0.030985216,0.4195988,-4.631208,4.631208,0.01460616,1.0,0.36036336,3.3845332,-10.210025,0.009554243,0.03873191,0.989802,0.050835118,0.010062594,0.0024532930850982666,615.2819848060608,240000
-4.620285,4.620285,0.010236867,1.0,0.31112027,8.057548,-8.846952,0.004993692,0.017845668,0.98854005,0.04673258,0.0054610176,0.01828802,-0.035545647,0.39731026,-4.6412697,4.6412697,0.01863064,1.0,0.32961887,3.3223028,-3.6897602,0.009037403,0.03094464,0.98762035,0.048366927,0.009521073,0.0025052274227142335,627.8081259727478,245000
-4.624549,4.624549,0.011942461,1.0,0.34478742,11.355197,-3.401138,0.009547626,0.01896076,0.98705804,0.049292434,0.01004055,0.019105371,-0.03607287,0.5022085,-4.640421,4.640421,0.01829133,1.0,0.41218174,3.7850478,-3.2062142,0.01145632,0.037484355,0.9862962,0.051305227,0.011969373,0.0025035725116729734,640.3259923458099,250000
-4.620778,4.620778,0.010434269,1.0,0.29885754,7.933975,-8.612423,0.00558343,0.017104484,0.9883421,0.042290635,0.0060063363,0.042837873,-0.017486697,0.43291873,-4.654065,4.654065,0.023749122,1.0,0.37873572,6.704684,-3.803064,0.008890072,0.03161576,0.98833907,0.044207156,0.009332144,0.002496714210510254,652.8095676898956,255000
-4.624934,4.624934,0.0120966695,1.0,0.30944908,15.280558,-12.173127,0.006054102,0.019117283,0.9861541,0.044340808,0.0064975102,0.02944196,-0.030038245,0.5287504,-4.645481,4.645481,0.020315444,1.0,0.35744727,4.0387487,-7.259951,0.0070932144,0.03747683,0.9887553,0.04587943,0.0075520086,0.0025005318164825437,665.3122305870056,260000
-4.6209683,4.6209683,0.010510313,1.0,0.2952936,9.929692,-13.396828,0.005586437,0.016192079,0.98734796,0.046540156,0.0060518384,0.02606729,-0.023454955,0.44948635,-4.647978,4.647978,0.021314008,1.0,0.40005678,3.155167,-3.6176012,0.008028631,0.03418158,0.98755556,0.0473208,0.008501839,0.0023980911254882814,677.3026900291443,265000
-4.6223483,4.6223483,0.011062391,1.0,0.30665523,9.704096,-6.3833413,0.006195235,0.018951613,0.98573786,0.04931034,0.0066883387,0.034343764,-0.028987125,0.495184,-4.657077,4.657077,0.024953848,1.0,0.38388368,3.480352,-5.778098,0.01103781,0.039973207,0.9866625,0.049809158,0.011535902,0.0024472388267517088,689.5388879776001,270000
-4.621746,4.621746,0.010821476,1.0,0.3183458,9.687829,-10.970698,0.00794233,0.020599358,0.9879596,0.051487863,0.008457209,0.023186035,-0.018715352,0.4541243,-4.6467376,4.6467376,0.02081797,1.0,0.3651449,3.8280272,-7.275541,0.008270361,0.03349897,0.9871147,0.051975958,0.008790121,0.0024117354869842528,701.597570180893,275000
-4.6206303,4.6206303,0.010375018,1.0,0.28357777,10.160792,-9.252991,0.0047882684,0.015088186,0.98765737,0.043325454,0.005221523,0.03762916,-0.020155586,0.3694077,-4.6670246,4.6670246,0.028932929,1.0,0.34388345,3.4098508,-4.30469,0.008629924,0.03938231,0.98726654,0.0457445,0.009087369,0.002456133699417114,713.8782424926758,280000
-4.6222897,4.6222897,0.011038803,1.0,0.29802373,8.914511,-5.6421785,0.0054398775,0.017412778,0.987633,0.04831956,0.0059230733,0.0377595,-0.019410389,0.4896825,-4.6368923,4.6368923,0.016879922,1.0,0.3661157,2.8447556,-5.9717917,0.010487461,0.040746167,0.9878864,0.05077468,0.010995208,0.0024268884181976318,726.0126886367798,285000
-4.619686,4.619686,0.009997434,1.0,0.30689606,15.0095625,-9.377057,0.005552265,0.016211629,0.98729336,0.049597777,0.0060482426,0.023830254,-0.027909683,0.3747083,-4.6509624,4.6509624,0.022507979,1.0,0.30943635,3.4398706,-13.669127,0.007049459,0.03854473,0.98855835,0.049596354,0.0075454228,0.002453615188598633,738.2807688713074,290000
-4.617541,4.617541,0.00913928,1.0,0.31148964,14.836371,-14.964349,0.0061539356,0.02134898,0.98738706,0.049842693,0.0066523626,0.030032381,-0.01205835,0.40546075,-4.66266,4.66266,0.027187003,1.0,0.3651538,7.794912,-6.5221815,0.008077484,0.04884766,0.9873419,0.05236109,0.008601095,0.002433617067337036,750.4488582611084,295000
-4.6253,4.6253,0.012242988,1.0,0.32469147,9.845785,-3.1969097,0.0065619843,0.018158015,0.9872307,0.04694442,0.0070314286,0.023549022,-0.025748532,0.4789811,-4.655079,4.655079,0.024154551,1.0,0.37033698,3.4662817,-3.1900864,0.0073745307,0.039459713,0.9889481,0.049560905,0.00787014,0.002521757221221924,763.0576479434967,300000
-4.617811,4.617811,0.009247521,1.0,0.29251635,11.375265,-7.2418714,0.005098151,0.013997331,0.9875965,0.04285331,0.005526684,0.022560563,-0.031529766,0.40298676,-4.6504893,4.6504893,0.022318771,1.0,0.33211523,3.152982,-4.618472,0.010885503,0.04337842,0.98682445,0.043296278,0.011318466,0.0025145533084869384,775.6304183006287,305000
-4.6201105,4.6201105,0.010167318,1.0,0.33654788,12.076378,-8.879077,0.0068100523,0.019872189,0.9858786,0.045723744,0.00726729,0.020020118,-0.031403933,0.39626962,-4.6548615,4.6548615,0.024067711,1.0,0.356503,3.3173902,-5.153451,0.00774351,0.035133548,0.98789215,0.048049226,0.008224002,0.0024918291568756103,788.089567899704,310000
-4.6187716,4.6187716,0.009631463,1.0,0.32907343,13.415676,-7.77793,0.006201732,0.01830712,0.98590624,0.046748407,0.006669216,0.04278313,-0.027559388,0.3788789,-4.64719,4.64719,0.02099903,1.0,0.3486031,3.5679724,-4.30469,0.007396267,0.036724273,0.9874979,0.049819086,0.007894457,0.002486047315597534,800.5198085308075,315000
-4.6225843,4.6225843,0.011156716,1.0,0.31033853,14.964562,-10.446072,0.0061185965,0.020042064,0.986962,0.046120107,0.0065797977,0.019201886,-0.03540287,0.4529274,-4.659581,4.659581,0.025955481,1.0,0.32926062,3.297332,-5.430035,0.008159185,0.028814858,0.9868221,0.047222503,0.00863141,0.0026239962577819824,813.639794588089,320000
-4.618265,4.618265,0.009429015,1.0,0.3063957,11.351749,-8.95015,0.006820874,0.019324793,0.98835397,0.046015035,0.007281024,0.027974974,-0.033836067,0.494526,-4.6517863,4.6517863,0.02283755,1.0,0.3571272,3.3013883,-10.247967,0.0063567124,0.03320178,0.9886722,0.04613945,0.006818107,0.0025677731037139894,826.4786653518677,325000
-4.6202526,4.6202526,0.010224087,1.0,0.30787927,9.983405,-9.92079,0.0064610452,0.018406466,0.9867869,0.043907113,0.0069001163,0.03562251,-0.021540519,0.4888836,-4.642667,4.642667,0.019189725,1.0,0.38626462,2.9610107,-3.3210666,0.0108008925,0.03327678,0.9878779,0.045213036,0.011253023,0.00250852108001709,839.021274805069,330000
-4.6188927,4.6188927,0.00968016,1.0,0.2758587,10.893318,-8.49677,0.006150403,0.017429791,0.98750716,0.042343326,0.0065738363,0.031818744,-0.032917567,0.4271247,-4.6463995,4.6463995,0.02068278,1.0,0.30939353,2.8228014,-3.3920422,0.008048582,0.02878904,0.9879224,0.043466926,0.008483252,0.002526352119445801,851.6530392169952,335000
-4.618306,4.618306,0.009445427,1.0,0.2991902,10.225416,-4.379092,0.00631421,0.016698264,0.9876224,0.04438678,0.006758078,0.017822005,-0.021742763,0.36641055,-4.6457787,4.6457787,0.020434404,1.0,0.3344893,3.270061,-3.1078749,0.020557502,0.042479,0.9869443,0.04632926,0.021020794,0.002475328493118286,864.0296854972839,340000
-4.62235,4.62235,0.011063044,1.0,0.29922205,9.344509,-11.255496,0.007797049,0.019319613,0.9864636,0.04519441,0.008248993,0.020003594,-0.04252566,0.4405326,-4.6495132,4.6495132,0.021928323,1.0,0.3479905,3.8017063,-3.7394595,0.0073664957,0.047258273,0.98716295,0.04585769,0.007825073,0.002418925380706787,876.1243164539337,345000
-4.6186543,4.6186543,0.0095847035,1.0,0.28004706,12.723191,-9.158613,0.0046294816,0.015608413,0.9874426,0.041482296,0.0050443048,0.02722671,-0.027811956,0.37386724,-4.6495776,4.6495776,0.021953883,1.0,0.3309655,3.0072021,-8.460918,0.011954296,0.035889313,0.98595476,0.044616736,0.012400464,0.0025391313552856447,888.8199772834778,350000
-4.6168194,4.6168194,0.008850721,1.0,0.26712194,7.564828,-7.166328,0.0052134963,0.015672516,0.9879147,0.042622473,0.005639721,0.034131665,-0.016038146,0.34604102,-4.648901,4.648901,0.021683386,1.0,0.33842427,11.05508,-5.5528297,0.010050899,0.03888709,0.9886558,0.04439066,0.010494806,0.002521375322341919,901.4268577098846,355000
-4.6188073,4.6188073,0.00964592,1.0,0.32576007,10.098067,-14.963627,0.0059888256,0.016651988,0.98833984,0.039639004,0.0063852156,0.021301547,-0.025043402,0.36900303,-4.6501083,4.6501083,0.022166198,1.0,0.3298842,3.0030866,-4.552852,0.009179574,0.043173626,0.9868591,0.047152705,0.009651101,0.0024780599594116212,913.81716132164,360000
-4.617941,4.617941,0.009299461,1.0,0.31447023,9.661556,-12.131931,0.005524857,0.01865105,0.9882544,0.042709224,0.0059519494,0.027545188,-0.024541931,0.41130418,-4.6390514,4.6390514,0.017743533,1.0,0.3298523,3.5664184,-3.3442163,0.007525881,0.032901175,0.9872692,0.039920487,0.007925086,0.002469206619262695,926.1631991863251,365000
-4.6189876,4.6189876,0.009718026,1.0,0.31354117,9.886228,-4.1893997,0.0064053647,0.019540679,0.9862281,0.040254485,0.0068079093,0.020038957,-0.019147573,0.38184854,-4.648897,4.648897,0.02168183,1.0,0.3387004,3.4098508,-11.002695,0.006477391,0.14037822,0.98765314,0.044436473,0.0069217556,0.0025120322704315187,938.7233641147614,370000
-4.6211643,4.6211643,0.010588697,1.0,0.2913118,11.798031,-10.792801,0.0061050104,0.018778866,0.9877098,0.043178104,0.0065367916,0.024386296,-0.018037803,0.40050408,-4.6456156,4.6456156,0.020369098,1.0,0.33149016,3.318202,-3.5640428,0.010609712,0.039348245,0.9875287,0.044286255,0.011052575,0.0024564693927764895,951.0057168006897,375000
-4.6198797,4.6198797,0.010074853,1.0,0.2786479,4.6245556,-14.097397,0.005503878,0.018352836,0.9875993,0.04219479,0.005925826,0.02368861,-0.015516405,0.4412164,-4.6540003,4.6540003,0.023723027,1.0,0.3275602,4.221462,-4.671802,0.0061809365,0.052594766,0.98835677,0.043481573,0.0066157524,0.0024695050716400145,963.353245973587,380000
-4.6168346,4.6168346,0.008856794,1.0,0.29144943,9.455826,-9.797531,0.0056442264,0.017283816,0.9880159,0.041346036,0.0060576866,0.05275039,-0.04080994,0.491193,-4.6493235,4.6493235,0.021852342,1.0,0.32015657,3.1821885,-3.753581,0.01054072,0.040935144,0.9888195,0.04288568,0.010969576,0.002481324577331543,975.759872674942,385000
-4.6192207,4.6192207,0.009811379,1.0,0.34730184,10.805962,-8.373788,0.005536752,0.015942175,0.98810816,0.039455663,0.0059313085,0.020512208,-0.022698876,0.41000298,-4.6444345,4.6444345,0.019896787,1.0,0.31347966,13.784761,-3.3857155,0.010628413,0.027040849,0.98738146,0.038914528,0.011017559,0.0024634660720825197,988.0772070884705,390000
-4.619552,4.619552,0.009943894,1.0,0.31298643,9.881112,-3.7707524,0.0069886986,0.01796376,0.9870964,0.04211354,0.007409834,0.015189289,-0.031910453,0.4464265,-4.6464396,4.6464396,0.020698637,1.0,0.3915051,3.6707945,-5.7995195,0.011760967,0.04289654,0.98722416,0.04435607,0.012204528,0.002473613691329956,1000.4452795982361,395000
-4.616146,4.616146,0.008581407,1.0,0.29165262,9.011137,-9.009077,0.0057559498,0.017424803,0.9856818,0.03907085,0.006146658,0.0233131,-0.02020586,0.34159887,-4.6419535,4.6419535,0.018904492,1.0,0.3304979,3.0443592,-6.5278726,0.00795823,0.03361273,0.9869857,0.040037736,0.008358607,0.002436086702346802,1012.6257171630859,400000
-4.6189046,4.6189046,0.009684849,1.0,0.29846543,15.884934,-8.75132,0.005837433,0.017162994,0.9884758,0.040980667,0.0062472397,0.02268392,-0.022903675,0.4601547,-4.6549826,4.6549826,0.024115855,1.0,0.30962142,5.667,-6.7293463,0.0068301596,0.04799194,0.98727965,0.041953348,0.007249693,0.0024344903469085692,1024.798172712326,405000
-4.6185403,4.6185403,0.009539029,1.0,0.28447217,10.101847,-8.050436,0.005019311,0.019170906,0.9872349,0.0396035,0.005415346,0.014067143,-0.019851593,0.3638926,-4.655819,4.655819,0.024450416,1.0,0.3442753,3.7957466,-3.2013888,0.0055359323,0.03993446,0.98764634,0.040785953,0.005943792,0.0024522903919219972,1037.0596289634705,410000
-4.6184254,4.6184254,0.009493123,1.0,0.2894495,10.020132,-8.453277,0.0055823894,0.016825087,0.9871504,0.04028642,0.0059852535,0.01704718,-0.025545485,0.35686386,-4.66178,4.66178,0.026834924,1.0,0.35316128,3.685961,-3.5775979,0.009850203,0.04832683,0.9865246,0.042152636,0.010271729,0.0024706863403320314,1049.4130644798279,415000
-4.620841,4.620841,0.01045934,1.0,0.2927922,9.4368925,-6.172087,0.004968415,0.016445842,0.98782146,0.038513474,0.00535355,0.024364928,-0.020538602,0.37213093,-4.631336,4.631336,0.014657529,1.0,0.33419845,3.0269701,-6.2449126,0.0062514935,0.03158912,0.98751366,0.039218627,0.00664368,0.0025047686576843264,1061.936912059784,420000
-4.6183558,4.6183558,0.009465178,1.0,0.28068572,9.8645115,-9.592795,0.007217838,0.018272217,0.98601645,0.038233995,0.007600178,0.022671377,-0.027448786,0.47843492,-4.6694403,4.6694403,0.029899169,1.0,0.35797805,8.440792,-4.0263057,0.008428913,0.04647574,0.9888991,0.041707292,0.008845986,0.002532031536102295,1074.5970740318298,425000
-4.620661,4.620661,0.010387255,1.0,0.27629662,10.194931,-7.9933076,0.0058613834,0.018844657,0.9866801,0.03492094,0.0062105926,0.038653564,-0.03935715,0.6471054,-4.6494875,4.6494875,0.0219181,1.0,0.32330692,3.810686,-4.2854757,0.010568596,0.037505396,0.9891961,0.035391837,0.010922515,0.0024777456760406496,1086.9858062267303,430000
-4.6187305,4.6187305,0.009615342,1.0,0.30192357,10.275744,-5.8142185,0.0062770443,0.0185161,0.98726463,0.0348147,0.0066251913,0.03333073,-0.018282283,0.45063502,-4.6558595,4.6558595,0.024466828,1.0,0.35165247,3.9513543,-5.3733096,0.0070900614,0.08659502,0.9868901,0.037571758,0.007465779,0.0026074305534362794,1100.022962808609,435000
-4.6223583,4.6223583,0.011066218,1.0,0.28942347,10.480966,-7.68578,0.0056276876,0.018285189,0.98779094,0.03646673,0.005992355,0.03744201,-0.032020666,0.47036496,-4.6370373,4.6370373,0.01693785,1.0,0.32793468,6.681687,-4.276825,0.0059757372,0.028230622,0.9873214,0.036484923,0.0063405866,0.0025066263198852538,1112.556097984314,440000
-4.620826,4.620826,0.010453144,1.0,0.27751297,7.4944954,-8.250184,0.005606127,0.01763226,0.9869518,0.040486477,0.0060109915,0.035548907,-0.026640207,0.45073062,-4.6467276,4.6467276,0.020813908,1.0,0.34937525,7.282877,-3.3188434,0.007119312,0.0356109,0.9876297,0.042157616,0.007540888,0.0024485148906707764,1124.7986769676208,445000
-4.6199226,4.6199226,0.010091854,1.0,0.3379714,15.747332,-6.450855,0.005220049,0.019334637,0.9888623,0.038140215,0.0056014513,0.020424696,-0.038904868,0.40737885,-4.6435757,4.6435757,0.019553235,1.0,0.35120893,9.148594,-9.288368,0.0111751165,0.034946226,0.9882431,0.040661305,0.011581729,0.0024368829250335693,1136.9830961227417,450000
-4.6158967,4.6158967,0.008481539,1.0,0.30380055,11.303094,-14.704182,0.0060029863,0.017349932,0.98619837,0.03785591,0.006381545,0.03246872,-0.016220743,0.35169023,-4.654903,4.654903,0.02408411,1.0,0.35756934,4.5254397,-3.7817793,0.013638763,0.029848374,0.98708475,0.039585084,0.014034614,0.002557338285446167,1149.7697916030884,455000
-4.618821,4.618821,0.009651372,1.0,0.32394862,10.859137,-15.654573,0.0059756865,0.018443925,0.987096,0.035819773,0.0063338843,0.021159856,-0.025463492,0.46145654,-4.6527457,4.6527457,0.02322111,1.0,0.33582288,3.3737133,-7.643561,0.010639948,0.0434362,0.9862524,0.035695862,0.010996906,0.0024760876655578615,1162.1502339839935,460000
-4.616858,4.616858,0.008866168,1.0,0.30922037,13.448719,-9.571401,0.004926921,0.017854786,0.98881084,0.037875503,0.005305676,0.027352411,-0.028048249,0.39107063,-4.6614804,4.6614804,0.026715029,1.0,0.35394037,3.25648,-3.2662725,0.008757551,0.04176654,0.9873347,0.039985087,0.009157402,0.002438580560684204,1174.3431429862976,465000
-4.617405,4.617405,0.009084923,1.0,0.28606272,10.556861,-12.69434,0.006082531,0.016797971,0.986887,0.03598093,0.0064423406,0.023359522,-0.014796998,0.39320946,-4.6418085,4.6418085,0.018846523,1.0,0.32443616,3.1455853,-3.2663157,0.016648855,0.037761115,0.98819625,0.039036486,0.01703922,0.0025626867294311524,1187.1565811634064,470000
-4.617315,4.617315,0.009048949,1.0,0.24743459,9.437936,-10.132181,0.0052582705,0.017401539,0.98761904,0.03589023,0.005617173,0.017663058,-0.015272845,0.380444,-4.6480117,4.6480117,0.021327564,1.0,0.31332606,4.74047,-5.704179,0.0070946366,0.037192877,0.988213,0.04014937,0.00749613,0.00247641978263855,1199.5386843681335,475000
-4.6183686,4.6183686,0.009470456,1.0,0.26917315,13.78887,-6.2868514,0.006047545,0.01848805,0.987491,0.035263766,0.006400183,0.032136634,-0.024830401,0.3983142,-4.6657763,4.6657763,0.028433388,1.0,0.3540924,3.489185,-13.815662,0.010865828,0.0496489,0.98801565,0.038620792,0.011252036,0.0024138667106628417,1211.6080214977264,480000
-4.618,4.618,0.009322837,1.0,0.30666468,11.70499,-14.598762,0.006023631,0.01686613,0.98777467,0.038356245,0.0064071934,0.022519201,-0.024723632,0.36938363,-4.650787,4.650787,0.022437792,1.0,0.3394386,4.1391478,-4.057536,0.009558417,0.031225294,0.98772526,0.039370153,0.009952119,0.0024724802970886232,1223.9704267978668,485000
-4.618077,4.618077,0.009353615,1.0,0.26409572,6.2062035,-7.048943,0.0058464347,0.019047206,0.98763114,0.035575062,0.0062021855,0.0201021,-0.021060977,0.42130944,-4.660346,4.660346,0.026261372,1.0,0.32915747,5.496295,-16.32824,0.008308664,0.07805073,0.9865743,0.03689519,0.008677616,0.0024807884216308594,1236.3743731975555,490000
-4.616524,4.616524,0.008732761,1.0,0.27208674,8.844828,-8.038732,0.005048457,0.01863182,0.9875107,0.036371484,0.005412172,0.015751148,-0.021972131,0.3733166,-4.6568713,4.6568713,0.024871469,1.0,0.34993252,10.504552,-16.466253,0.006481323,0.03738983,0.98798776,0.03677667,0.0068490896,0.0024689785957336427,1248.7192697525024,495000
-4.615376,4.615376,0.008273296,1.0,0.29765072,9.616388,-9.737299,0.0067058178,0.016677057,0.987707,0.037260886,0.0070784264,0.014272322,-0.02989375,0.39529347,-4.665614,4.665614,0.028368581,1.0,0.29017782,3.8558033,-3.3861299,0.0060070674,0.051621627,0.98769414,0.039217588,0.006399243,0.0024501606464385987,1260.9700767993927,500000
-4.6205087,4.6205087,0.010326379,1.0,0.29557627,9.988134,-10.13811,0.0060199806,0.020534905,0.98712254,0.03653983,0.006385379,0.021022087,-0.02682343,0.44061095,-4.665239,4.665239,0.028218487,1.0,0.34762278,2.9512157,-3.315813,0.007889811,0.042747088,0.98762727,0.036518686,0.008254997,0.002438292646408081,1273.161544561386,505000
-4.6172266,4.6172266,0.00901354,1.0,0.31071192,9.422819,-8.624114,0.0076329857,0.021144792,0.9874061,0.037314408,0.008006129,0.018902479,-0.026006052,0.42770603,-4.657484,4.657484,0.025116695,1.0,0.31889224,3.881719,-3.7259376,0.007232641,0.038696352,0.98646915,0.037014574,0.0076027866,0.0024772571086883544,1285.5478341579437,510000
-4.6181793,4.6181793,0.009394514,1.0,0.30353838,3.1154711,-3.1905782,0.006438788,0.020184394,0.9869074,0.037485957,0.0068136477,0.03459473,-0.030614886,0.40562144,-4.658905,4.658905,0.025684837,1.0,0.30997968,9.9509535,-3.8090534,0.009913259,0.037240908,0.9859947,0.037861798,0.010291877,0.0024581495761871338,1297.8385870456696,515000
-4.6190634,4.6190634,0.009748347,1.0,0.2863328,11.762689,-7.6951046,0.0044472986,0.016124312,0.98769605,0.038364656,0.0048309453,0.035228234,-0.036322165,0.4102471,-4.6608305,4.6608305,0.02645514,1.0,0.3479452,3.088605,-3.5775979,0.012773331,0.047005977,0.98696935,0.0380152,0.013153483,0.002479175806045532,1310.2344694137573,520000
-4.616543,4.616543,0.008740069,1.0,0.28566808,10.815874,-7.6457644,0.006196264,0.021552134,0.9871572,0.032741576,0.00652368,0.02800485,-0.033302885,0.35609108,-4.6606493,4.6606493,0.026382629,1.0,0.33427256,2.7502327,-3.1165822,0.008226758,0.03809403,0.98579603,0.033973247,0.00856649,0.0024434937953948977,1322.4519424438477,525000
-4.6144342,4.6144342,0.007896624,1.0,0.3163646,15.835506,-6.380207,0.006152694,0.017686967,0.98673874,0.03676589,0.006520353,0.026977655,-0.022283781,0.39007065,-4.6528854,4.6528854,0.023277102,1.0,0.3327051,3.722948,-3.6656752,0.008761454,0.04072002,0.98772806,0.037926104,0.009140715,0.002398304510116577,1334.4434695243835,530000
-4.61773,4.61773,0.009215008,1.0,0.26697424,10.30269,-10.814641,0.006635858,0.022445558,0.9878701,0.034126326,0.0069771213,0.022796776,-0.018575279,0.3738215,-4.6390553,4.6390553,0.01774503,1.0,0.32483852,4.629967,-3.5775979,0.0065468797,0.031226642,0.98832875,0.03619922,0.0069088717,0.002427852964401245,1346.5827388763428,535000
-4.6189237,4.6189237,0.0096924845,1.0,0.26946267,15.040355,-10.712687,0.005937253,0.01910379,0.98656756,0.035082433,0.0062880777,0.021246506,-0.025129339,0.4385088,-4.6417303,4.6417303,0.018815154,1.0,0.33705217,3.697631,-3.496638,0.0070080636,0.047591314,0.98895395,0.037093945,0.007379003,0.002420948600769043,1358.6874854564667,540000
-4.6193933,4.6193933,0.00988037,1.0,0.30451107,14.225784,-12.259552,0.0062859785,0.018110044,0.9864137,0.036707193,0.0066530504,0.01740977,-0.020799035,0.40487748,-4.6414895,4.6414895,0.018718908,1.0,0.33327067,4.368664,-12.936423,0.012418528,0.055960394,0.9877151,0.038755313,0.012806081,0.0024029489040374758,1370.7022337913513,545000
-4.617438,4.617438,0.009098025,1.0,0.28934166,9.546912,-9.596677,0.005036262,0.01971537,0.9872174,0.0353992,0.005390254,0.016854903,-0.016544227,0.35696477,-4.6405215,4.6405215,0.018331503,1.0,0.39196455,6.144594,-3.5775979,0.0065876013,0.05526623,0.98744446,0.03530617,0.006940663,0.002419158840179443,1382.798032283783,550000
-4.6175923,4.6175923,0.0091599645,1.0,0.26640004,13.691006,-17.782839,0.005680427,0.022549747,0.98806006,0.038005784,0.006060485,0.020916587,-0.029800057,0.4104042,-4.645704,4.645704,0.020404547,1.0,0.3253333,3.005196,-9.698949,0.00822496,0.03751839,0.98822474,0.03739497,0.00859891,0.002466895818710327,1395.1325161457062,555000
-4.6178513,4.6178513,0.009263474,1.0,0.26023984,10.053753,-6.4308395,0.004926148,0.016160598,0.987272,0.03574868,0.0052836346,0.02569018,-0.020362912,0.34948272,-4.658039,4.658039,0.02533871,1.0,0.32180905,3.8531485,-4.456106,0.0065696468,0.039619826,0.9872483,0.03668146,0.006936461,0.002523086404800415,1407.7479519844055,560000
-4.617836,4.617836,0.0092573045,1.0,0.27100947,9.396791,-6.5621467,0.0047764005,0.019565182,0.9861003,0.03649246,0.0051413253,0.021750515,-0.026578534,0.35603756,-4.6427426,4.6427426,0.019219946,1.0,0.33774358,5.7707233,-4.5458517,0.008545324,0.0432306,0.987605,0.038953543,0.008934859,0.0025074326038360597,1420.285118818283,565000
-4.616781,4.616781,0.008835447,1.0,0.2675414,2.8997445,-10.173725,0.0047351243,0.019634455,0.9873377,0.034715094,0.0050822753,0.022806447,-0.024411317,0.33304664,-4.6420317,4.6420317,0.018935673,1.0,0.29548216,6.3339067,-5.443973,0.008077607,0.033269092,0.9873703,0.035632648,0.008433933,0.00249901123046875,1432.7801792621613,570000
-4.6163306,4.6163306,0.008655204,1.0,0.28108075,13.377172,-13.817524,0.006114943,0.030394915,0.98809046,0.03522057,0.0064671487,0.026120529,-0.011778631,0.3958992,-4.657077,4.657077,0.02495375,1.0,0.33064947,3.1317735,-6.7798295,0.008533541,0.035719723,0.98790276,0.0362869,0.00889641,0.002438442230224609,1444.9723942279816,575000
-4.6172404,4.6172404,0.009019149,1.0,0.2721092,7.5265493,-15.102884,0.005657176,0.017564157,0.98704034,0.035966367,0.0060168398,0.023700753,-0.01877858,0.35932177,-4.6473737,4.6473737,0.021072434,1.0,0.3735746,3.0512238,-3.5775979,0.009048777,0.035177182,0.9869935,0.036044672,0.009409224,0.0024714059352874754,1457.329428911209,580000
-4.6161127,4.6161127,0.008567926,1.0,0.25838,13.247323,-9.113757,0.0063850875,0.01752989,0.98576474,0.034902133,0.006734109,0.026509741,-0.023539837,0.3728498,-4.652901,4.652901,0.02328355,1.0,0.2999797,4.500941,-3.54027,0.007575238,0.034958906,0.98797405,0.03531882,0.007928426,0.002470819616317749,1469.6835308074951,585000
-4.6167574,4.6167574,0.008825862,1.0,0.27969396,10.592055,-15.278546,0.005078882,0.017651185,0.9877947,0.03685361,0.005447418,0.032226235,-0.031017784,0.4108654,-4.656046,4.656046,0.024541343,1.0,0.29638863,3.403808,-5.549906,0.011321046,0.047501706,0.98684406,0.038578346,0.01170683,0.0024896947383880614,1482.1320087909698,590000
-4.616461,4.616461,0.008707453,1.0,0.2794115,11.184628,-14.841827,0.0058809686,0.020809151,0.98777795,0.033092503,0.0062118936,0.029515622,-0.036631115,0.42963842,-4.658747,4.658747,0.025621746,1.0,0.36853868,4.6019473,-3.2879395,0.008029437,0.043633886,0.98716056,0.034799993,0.008377437,0.0023925590991973875,1494.094808101654,595000
-4.6165266,4.6165266,0.008733593,1.0,0.303082,10.07021,-3.9026718,0.005812146,0.019932663,0.9872861,0.036138568,0.0061735315,0.014893295,-0.020035606,0.38050187,-4.658778,4.658778,0.025634253,1.0,0.37277576,2.984457,-4.8813453,0.009973591,0.04057721,0.98783016,0.03730224,0.010346614,0.0024206042766571046,1506.1978342533112,600000
-4.615184,4.615184,0.008196481,1.0,0.27199423,9.614271,-15.20838,0.006004745,0.018056847,0.98820287,0.038124014,0.0063859853,0.022577766,-0.019631939,0.40588638,-4.6710587,4.6710587,0.030546376,1.0,0.30343655,4.901638,-3.0440218,0.011554759,0.03884817,0.98860216,0.03975017,0.0119522605,0.0025179742813110353,1518.7877106666565,605000
-4.6170573,4.6170573,0.0089459075,1.0,0.2629557,12.794879,-12.803614,0.006594031,0.019408867,0.9882778,0.03378749,0.006931906,0.049142417,-0.029317277,0.4361629,-4.650866,4.650866,0.022469414,1.0,0.3176149,2.9796844,-4.1353197,0.007396973,0.03522574,0.98670554,0.03517881,0.007748761,0.002470339822769165,1531.1394138336182,610000
-4.615814,4.615814,0.008448631,1.0,0.28323883,10.212893,-9.384653,0.0049219355,0.01530538,0.9873514,0.033804208,0.0052599777,0.029251985,-0.014645961,0.39219365,-4.651563,4.651563,0.022748193,1.0,0.30734867,6.004714,-6.9110293,0.006424959,0.039490826,0.9873563,0.035648167,0.0067814407,0.0024911719799041747,1543.5952780246735,615000
-4.6148577,4.6148577,0.008065949,1.0,0.2617619,9.672457,-8.360083,0.007161824,0.019737296,0.98731005,0.03442166,0.007506041,0.038914524,-0.021970788,0.41015375,-4.6526194,4.6526194,0.023170862,1.0,0.34209138,3.4098508,-8.323579,0.009620965,0.035131127,0.98634267,0.034511022,0.009966075,0.0024530322074890138,1555.8604428768158,620000
-4.6164303,4.6164303,0.008695011,1.0,0.29296017,8.647797,-8.522467,0.006925426,0.018436698,0.9876136,0.03749937,0.0073004197,0.018269068,-0.030424673,0.4080362,-4.6546645,4.6546645,0.023988856,1.0,0.3282309,5.9768753,-3.9088128,0.006278474,0.048775174,0.9886503,0.038682893,0.006665303,0.002456306552886963,1568.1419796943665,625000
-4.615328,4.615328,0.008254173,1.0,0.27937266,10.332342,-7.294259,0.004449698,0.015699623,0.98753655,0.033607934,0.0047857775,0.026247807,-0.04040812,0.3669846,-4.6535363,4.6535363,0.02353749,1.0,0.3264061,9.84716,-3.5160182,0.012509525,0.04327029,0.98783195,0.03463177,0.012855843,0.0024744885444641113,1580.5144264698029,630000
-4.6176972,4.6176972,0.009201944,1.0,0.2962737,10.001146,-6.5041637,0.005906984,0.017204316,0.987014,0.033129334,0.0062382775,0.024565855,-0.02806923,0.39730516,-4.6532035,4.6532035,0.023404298,1.0,0.31785777,3.64785,-3.4067192,0.0073750843,0.03685652,0.9867513,0.033750787,0.0077125924,0.0024061073780059813,1592.5449674129486,635000
-4.616571,4.616571,0.008751337,1.0,0.27663887,15.164328,-8.867356,0.0058327736,0.017378535,0.9870624,0.034315832,0.006175932,0.018585503,-0.023630124,0.3674245,-4.6445546,4.6445546,0.01994479,1.0,0.33727384,3.4098508,-5.935063,0.014646351,0.04530621,0.9883853,0.03709617,0.015017313,0.0024491926670074464,1604.790934562683,640000
-4.6176205,4.6176205,0.009171135,1.0,0.26816887,9.090738,-9.686246,0.005134234,0.017772546,0.98814106,0.03521205,0.0054863547,0.043626178,-0.021759458,0.43919063,-4.64892,4.64892,0.021690857,1.0,0.33054927,2.80383,-4.6863213,0.008310548,0.03905437,0.9888519,0.036552213,0.00867607,0.002483561944961548,1617.208747625351,645000
-4.6163344,4.6163344,0.008656804,1.0,0.2894236,11.2651,-3.4535482,0.0053016036,0.017286008,0.98722047,0.032852292,0.0056301267,0.041507315,-0.020279204,0.38327295,-4.6467075,4.6467075,0.020805825,1.0,0.32821655,7.2682233,-3.4565573,0.007894885,0.030717578,0.9891751,0.03521463,0.008247031,0.0025105256080627442,1629.761379480362,650000
-4.6154027,4.6154027,0.008284048,1.0,0.27043018,9.768531,-10.607512,0.0053168293,0.018793594,0.98703754,0.034983788,0.005666667,0.026029022,-0.018878246,0.36170733,-4.652134,4.652134,0.02297656,1.0,0.31022745,11.086098,-4.6870193,0.008578034,0.042566344,0.98800474,0.035298347,0.0089310175,0.002452498817443848,1642.0238780975342,655000
-4.615103,4.615103,0.00816401,1.0,0.30055782,10.229583,-11.716466,0.0059796786,0.016176287,0.986278,0.035671975,0.0063363984,0.0384139,-0.024646826,0.426668,-4.6370726,4.6370726,0.016951866,1.0,0.3053968,3.5758982,-3.5775979,0.007037957,0.033239454,0.98743564,0.035359673,0.007391554,0.0024643831253051756,1654.3457975387573,660000
-4.6148477,4.6148477,0.008061978,1.0,0.27647913,10.53329,-5.7812304,0.0057488326,0.018106395,0.9877087,0.035250433,0.006101337,0.01879203,-0.03028976,0.3927513,-4.6437645,4.6437645,0.019628812,1.0,0.31581855,3.5230684,-4.8749394,0.009416417,0.043741934,0.9867177,0.0343132,0.009759549,0.002429338026046753,1666.492491722107,665000
-4.615792,4.615792,0.0084397895,1.0,0.28824005,9.077974,-7.5983753,0.004492318,0.01622993,0.9884532,0.03367815,0.0048290994,0.024893807,-0.034036864,0.35752487,-4.6565423,4.6565423,0.024739854,1.0,0.33865952,4.9540787,-9.6215,0.008098348,0.029681373,0.9885279,0.035978228,0.00845813,0.00242480206489563,1678.6165056228638,670000
-4.616817,4.616817,0.008849773,1.0,0.27163866,10.397556,-6.7786803,0.0054317587,0.016939571,0.9866457,0.032696072,0.0057587195,0.031709816,-0.039217494,0.40642697,-4.659487,4.659487,0.02591765,1.0,0.32597983,4.61488,-6.0886655,0.0068995124,0.040923372,0.98762596,0.034663297,0.0072461455,0.0024512387752532957,1690.8727033138275,675000
-4.616175,4.616175,0.008593092,1.0,0.31350595,8.708639,-7.2058415,0.0060146153,0.019932942,0.9871603,0.035959385,0.006374209,0.026903275,-0.02540821,0.4170315,-4.665197,4.665197,0.028201818,1.0,0.3603883,3.4098508,-3.5775979,0.008170642,0.046638567,0.98837054,0.035419907,0.008524841,0.0024503503799438477,1703.1244585514069,680000
-4.6177626,4.6177626,0.009227949,1.0,0.26799613,11.219694,-8.219995,0.0058982745,0.020610347,0.98756826,0.03455763,0.0062438506,0.02914653,-0.021328472,0.39184707,-4.632379,4.632379,0.015074617,1.0,0.31347483,3.3541076,-3.5775979,0.00869284,0.031579755,0.9895557,0.03513131,0.009044154,0.0025045695304870604,1715.6473100185394,685000
-4.6174483,4.6174483,0.009102267,1.0,0.27259684,10.86834,-12.163853,0.006488021,0.019000636,0.9860885,0.035703756,0.0068450584,0.025246978,-0.023590501,0.41125554,-4.669571,4.669571,0.029951155,1.0,0.3240338,3.365189,-3.5775979,0.006923819,0.031987965,0.98657393,0.03756201,0.007299439,0.0025400038719177245,1728.3473329544067,690000
-4.616646,4.616646,0.008781149,1.0,0.28206742,7.086941,-8.5135,0.0048071276,0.015616156,0.9876219,0.03415415,0.0051486692,0.019758672,-0.040174738,0.37192228,-4.6554594,4.6554594,0.024306765,1.0,0.31087938,3.6582193,-8.967895,0.011379572,0.04370538,0.9877064,0.036054596,0.011740117,0.002453546714782715,1740.6150703430176,695000
-4.6158276,4.6158276,0.008454074,1.0,0.248961,12.7649,-9.519808,0.004645707,0.017233143,0.9876348,0.033916846,0.0049848757,0.026054455,-0.016727125,0.36962524,-4.656848,4.656848,0.024862071,1.0,0.3161617,3.4098508,-3.3727329,0.012718884,0.037558705,0.98723733,0.03478831,0.013066768,0.0024944543361663817,1753.0873458385468,700000
-4.616123,4.616123,0.008572201,1.0,0.31617862,9.82157,-8.657466,0.0063072904,0.018663509,0.98718274,0.035541862,0.006662709,0.01786268,-0.032401778,0.38296294,-4.650049,4.650049,0.022142684,1.0,0.3182189,5.9933147,-3.1069243,0.011152742,0.09614749,0.9864812,0.03649127,0.011517655,0.0024934223651885985,1765.5544617176056,705000
-4.615357,4.615357,0.00826572,1.0,0.25499773,9.651391,-9.134464,0.005843942,0.01773521,0.98623675,0.037046164,0.0062144035,0.03438042,-0.02069144,0.3853425,-4.6408834,4.6408834,0.018476248,1.0,0.31136125,3.2034662,-3.5775979,0.007542058,0.026829112,0.9864038,0.03905355,0.007932593,0.0024898043632507324,1778.0034873485565,710000
-4.6155863,4.6155863,0.008357339,1.0,0.28176695,15.238196,-9.892734,0.0058757407,0.01703895,0.9878012,0.035620578,0.0062319464,0.0155740585,-0.03172512,0.43516117,-4.6665344,4.6665344,0.02873661,1.0,0.30540904,3.6595922,-5.7809153,0.0067076245,0.051529866,0.9878645,0.036204334,0.007069668,0.002489548206329346,1790.451232433319,715000
-4.6177135,4.6177135,0.009208311,1.0,0.28522915,9.591428,-7.8201675,0.005710542,0.016850665,0.98755574,0.033190336,0.0060424455,0.018989405,-0.030108873,0.4410662,-4.680659,4.680659,0.03438654,1.0,0.38677955,3.175838,-9.74991,0.0070486115,0.04871515,0.9877609,0.035240643,0.007401018,0.0025255031585693357,1803.0787518024445,720000
-4.6133986,4.6133986,0.00748231,1.0,0.2784722,13.490712,-7.9472456,0.005146955,0.01659701,0.9871688,0.03714565,0.0055184118,0.029312396,-0.01983487,0.3393297,-4.639515,4.639515,0.017928913,1.0,0.34111053,3.1797507,-3.5775979,0.010806171,0.037104927,0.9867316,0.03577397,0.011163911,0.0024802645683288573,1815.4800786972046,725000
-4.613551,4.613551,0.007543494,1.0,0.3066292,14.801631,-9.897958,0.0051694605,0.019877952,0.98788846,0.03625352,0.0055319956,0.02755438,-0.020537207,0.33419502,-4.6779885,4.6779885,0.03331846,1.0,0.3182658,3.8967474,-7.3576026,0.008401548,0.040909026,0.98811316,0.038060836,0.008782156,0.002516136026382446,1828.0607635974884,730000
-4.615697,4.615697,0.008401657,1.0,0.27948928,15.884934,-5.8810515,0.00544693,0.01679824,0.98888636,0.035240278,0.0057993326,0.016664645,-0.01798811,0.3322904,-4.648835,4.648835,0.021656973,1.0,0.32389432,6.059345,-3.3601742,0.009306731,0.035128504,0.9885819,0.036697544,0.009673706,0.002474230480194092,1840.4319200515747,735000
-4.6154246,4.6154246,0.008292722,1.0,0.2544076,8.026777,-9.262849,0.0052811233,0.017351132,0.9871682,0.03501152,0.0056312387,0.022785293,-0.011127441,0.38180178,-4.650141,4.650141,0.022179276,1.0,0.29935884,3.824984,-3.1998339,0.0073977727,0.049875602,0.9870069,0.034567993,0.0077434527,0.002491047763824463,1852.8871624469757,740000
-4.614992,4.614992,0.0081200125,1.0,0.2631673,11.84102,-7.366511,0.006466587,0.018263562,0.9874978,0.046412744,0.0069307145,0.021560261,-0.026171641,0.42726684,-4.6613703,4.6613703,0.026671154,1.0,0.2648415,3.4970744,-3.5775979,0.0072579924,0.034569245,0.9883623,0.046522215,0.0077232146,0.00253352165222168,1865.5547747612,745000
-4.6153607,4.6153607,0.008267376,1.0,0.2814855,14.258003,-6.0112205,0.005423333,0.015769554,0.9877386,0.034681335,0.0057701464,0.019150333,-0.021949094,0.38096428,-4.6873474,4.6873474,0.03706182,1.0,0.42056817,3.2753024,-6.915683,0.011175681,0.10435273,0.98692334,0.035627678,0.011531957,0.002520103359222412,1878.155296087265,750000
-4.615488,4.615488,0.008318116,1.0,0.28119677,10.003047,-9.788056,0.0055963974,0.021220844,0.9881425,0.03726008,0.005968998,0.018945873,-0.019227961,0.4070672,-4.6563587,4.6563587,0.024666531,1.0,0.3419748,3.31272,-4.8651485,0.008442413,0.03901045,0.986265,0.035423663,0.00879665,0.0025175792694091797,1890.7431962490082,755000
-4.6158776,4.6158776,0.008474044,1.0,0.30308628,10.041681,-7.0075903,0.006617926,0.021565646,0.98643756,0.032919064,0.006947117,0.016907096,-0.050898205,0.38472742,-4.672575,4.672575,0.031153072,1.0,665.04877,3.7066662,-3.49103,9.006934,161.97981,0.98750734,0.03538721,9.007288,0.0025112916946411134,1903.2996587753296,760000
-4.6160374,4.6160374,0.008537835,1.0,0.25812042,10.208658,-6.1150813,0.0057369014,0.020068951,0.98732543,0.034428447,0.006081186,0.02456199,-0.025448682,0.42953518,-4.6624074,4.6624074,0.027085831,1.0,0.2850176,3.9428105,-4.3642173,0.005929728,0.029590173,0.9880666,0.036484085,0.006294569,0.0024495239734649656,1915.5472824573517,765000
-4.614832,4.614832,0.008055746,1.0,0.26117033,8.782687,-14.380831,0.0060991785,0.019527826,0.9875629,0.03546467,0.006453825,0.02939178,-0.022422692,0.4335804,-4.649123,4.649123,0.02177235,1.0,0.2964087,3.0358903,-3.4197962,0.015934478,0.047417402,0.98869663,0.034481794,0.016279297,0.002438818120956421,1927.7413773536682,770000
-4.6168084,4.6168084,0.008846349,1.0,0.27798784,9.33219,-11.80076,0.006208894,0.022427568,0.98758876,0.031691786,0.0065258117,0.01709121,-0.029477922,0.44635075,-4.6523275,4.6523275,0.023053845,1.0,0.34809667,6.609953,-4.387052,0.009566672,0.03872112,0.9870814,0.034652464,0.009913197,0.002512429904937744,1940.3035306930542,775000
-4.6148596,4.6148596,0.008066851,1.0,0.26296812,15.040542,-8.25944,0.0047402405,0.018408384,0.98711693,0.031502306,0.0050552636,0.018427266,-0.02259584,0.30200094,-4.6561747,4.6561747,0.024592735,1.0,0.28282523,4.902696,-7.4160614,0.0057413112,0.042575892,0.98808193,0.034277976,0.006084091,0.002446858310699463,1952.5378260612488,780000
-4.6148863,4.6148863,0.008077424,1.0,0.2546746,10.168697,-7.7358017,0.005757739,0.015904445,0.9869908,0.03253023,0.006083041,0.020080678,-0.010411297,0.33500504,-4.6599436,4.6599436,0.026100416,1.0,0.34262893,6.2013993,-4.827422,0.005883039,0.052671324,0.9887441,0.03389738,0.006222013,0.002516485595703125,1965.1202580928802,785000
-4.6156673,4.6156673,0.0083901035,1.0,0.2658273,3.5301359,-8.285782,0.005088864,0.019640937,0.9862422,0.033307508,0.005421939,0.023953043,-0.050218817,0.4243384,-4.6463804,4.6463804,0.020675048,1.0,0.29670978,2.743386,-5.871314,0.0062250574,0.039738372,0.98643917,0.03238138,0.0065488713,0.0025049875736236574,1977.6452000141144,790000
-4.6164923,4.6164923,0.008719931,1.0,0.259869,15.884934,-4.0065193,0.0056830905,0.019038055,0.9876263,0.03478934,0.0060309838,0.04683868,-0.0277147,0.43908632,-4.6610746,4.6610746,0.026552817,1.0,0.31351918,3.589171,-5.436674,0.009570908,0.051823057,0.98888975,0.035046775,0.009921376,0.0024753248691558837,1990.0218284130096,795000
-4.6161165,4.6161165,0.008569558,1.0,0.26475227,14.577917,-10.383837,0.005324671,0.020891644,0.9873338,0.031212825,0.005636799,0.021949096,-0.019908061,0.37007973,-4.667864,4.667864,0.029268617,1.0,0.30535826,3.6823947,-8.777896,0.011041877,0.065991074,0.9869766,0.033042423,0.011372301,0.0024984049797058105,2002.5138576030731,800000
-4.616602,4.616602,0.008763677,1.0,0.26645407,13.732398,-12.324022,0.0045194137,0.016623985,0.98705935,0.033718236,0.0048565962,0.0401306,-0.022997802,0.41866538,-4.667185,4.667185,0.0289969,1.0,0.28933966,3.994915,-6.9352508,0.009278286,0.039092466,0.9863113,0.03412371,0.009619524,0.002459542226791382,2014.8115797042847,805000
-4.6148787,4.6148787,0.00807447,1.0,0.24617052,10.965225,-14.415087,0.005094862,0.017546147,0.98839444,0.035866562,0.005453528,0.038747486,-0.026229694,0.44931355,-4.654728,4.654728,0.024014233,1.0,0.29990757,3.358944,-3.5775979,0.006678338,0.03669592,0.98627293,0.034360256,0.007021941,0.0024342382907867432,2026.982774734497,810000
-4.615076,4.615076,0.008153342,1.0,0.2531596,7.586181,-9.540027,0.006323943,0.02059268,0.9875556,0.03510659,0.0066750087,0.023746833,-0.022246215,0.42100525,-4.670926,4.670926,0.030493444,1.0,0.3085323,4.0783734,-3.5495498,0.00573509,0.040558316,0.98739326,0.035665408,0.006091744,0.0024349194526672364,2039.1573758125305,815000
-4.616699,4.616699,0.00880259,1.0,0.24859138,9.923766,-9.803043,0.005492291,0.017915696,0.9872538,0.035101406,0.005843305,0.030126214,-0.037702475,0.42057317,-4.6429677,4.6429677,0.019310175,1.0,0.36889654,17.358212,-4.30469,0.009501526,87.25368,0.98815554,0.036321573,0.009864742,0.0024724263668060302,2051.519511461258,820000
-4.617556,4.617556,0.009145359,1.0,0.24983715,9.914065,-9.71228,0.005891434,0.021100756,0.98694277,0.03373985,0.0062288325,0.012230508,-0.016784646,0.39093232,-4.6507897,4.6507897,0.022438893,1.0,0.36684877,3.0560508,-5.634105,0.013268185,0.058500018,0.9869057,0.034502648,0.013613211,0.0024689590454101563,2063.864310979843,825000
-4.615745,4.615745,0.008421083,1.0,0.26070803,9.503132,-10.374942,0.0065886835,0.021220317,0.98726964,0.031227559,0.006900959,0.023293959,-0.015147701,0.43193674,-4.660857,4.660857,0.026465667,1.0,0.32697746,5.015587,-4.148286,0.008126388,0.03274508,0.9876523,0.032673355,0.008453121,0.0024988829612731934,2076.3587296009064,830000
-4.616719,4.616719,0.008810519,1.0,0.27119115,9.942025,-8.820665,0.0049336613,0.018587012,0.9872693,0.028125368,0.005214915,0.022766199,-0.01924464,0.40088516,-4.6544476,4.6544476,0.023901982,1.0,588.60535,3.404355,-3.329842,3.3179002,14.570521,0.986644,0.030234553,3.3182025,0.002564911222457886,2089.18329000473,835000
-4.614547,4.614547,0.007941767,1.0,0.27738437,15.301962,-9.630325,0.005776127,0.01933616,0.98661375,0.03238425,0.006099969,0.031897526,-0.015253136,0.43283007,-4.651991,4.651991,0.022919333,1.0,0.27803776,12.58556,-25.62651,0.007321179,0.07360731,0.9866419,0.03356152,0.007656794,0.0025162914752960204,2101.7647511959076,840000
-4.6186476,4.6186476,0.009581907,1.0,0.2769184,10.524499,-4.072138,0.0050972695,0.017538289,0.98744345,0.031242583,0.005409695,0.013777571,-0.022494234,0.3846339,-4.666563,4.666563,0.028748238,1.0,732.1651,3.2993057,-3.5775979,1.4823134,124.482735,0.98697233,0.03145514,1.482628,0.002516563081741333,2114.3475711345673,845000
-4.618723,4.618723,0.009612077,1.0,0.23059675,14.955685,-15.927586,0.0042903647,0.018298406,0.98713064,0.0343136,0.0046335007,0.033861227,-0.023466542,0.42755827,-4.657918,4.657918,0.025290225,1.0,0.3483609,3.3190045,-3.4661815,0.010162786,0.043050382,0.98637736,0.036243793,0.010525224,0.002484277677536011,2126.7689633369446,850000
-4.6152916,4.6152916,0.008239637,1.0,0.2775974,11.348789,-15.097317,0.004722122,0.017148562,0.9875121,0.031615406,0.0050382763,0.030630823,-0.018067883,0.38715458,-4.6600823,4.6600823,0.026155978,1.0,0.31772292,3.0414681,-4.247428,0.007887481,0.033866175,0.98821473,0.032865483,0.008216135,0.0024706079959869384,2139.122015476227,855000
-4.6147995,4.6147995,0.00804296,1.0,0.26598907,14.93854,-9.755754,0.0048794127,0.020196967,0.9883888,0.028030727,0.00515972,0.040929247,-0.027436959,0.36763844,-4.6681814,4.6681814,0.02939539,1.0,0.42498106,3.9415534,-3.6539555,0.011804544,0.061573934,0.987193,0.032138854,0.012125933,0.002452444887161255,2151.384243965149,860000
-4.6132684,4.6132684,0.007430372,1.0,0.24567711,8.304716,-5.1109366,0.0054473663,0.01820291,0.9867487,0.030409183,0.005751458,0.032733895,-0.019334642,0.34808356,-4.6671104,4.6671104,0.028966988,1.0,0.3229914,5.192927,-6.683286,0.010981584,0.04273261,0.986655,0.032183863,0.011303423,0.002452397918701172,2163.646238088608,865000
-4.6156735,4.6156735,0.0083923675,1.0,0.25865754,10.260797,-13.6757965,0.0045076567,0.020024724,0.9882649,0.031801015,0.004825667,0.034636088,-0.023887295,0.36744297,-4.6558723,4.6558723,0.024472011,1.0,0.28923646,3.8456807,-3.5775979,0.007896237,0.03539192,0.9872222,0.03334129,0.00822965,0.0024992515563964845,2176.1424992084503,870000
-4.616637,4.616637,0.008777762,1.0,0.27925265,15.884934,-9.2818775,0.004624952,0.017766748,0.9866249,0.03073265,0.004932279,0.027780734,-0.03938701,0.42879158,-4.6690974,4.6690974,0.029762035,1.0,0.3073029,3.4480784,-3.5775979,0.008174694,0.040437624,0.98681563,0.03141159,0.00848881,0.0024930208206176757,2188.607608318329,875000
-4.6157346,4.6157346,0.008416842,1.0,0.29500705,11.520172,-14.361904,0.00738712,0.02092093,0.98715454,0.03255073,0.0077126273,0.023980346,-0.01300353,0.43920404,-4.6714916,4.6714916,0.030719532,1.0,514.13727,7.749137,-5.830731,1.1624882,56.24408,0.9874458,0.03097891,1.162798,0.002531693124771118,2201.2660779953003,880000
-4.6138635,4.6138635,0.00766834,1.0,0.27303642,10.722142,-9.370963,0.005883785,0.016789561,0.9878783,0.029459208,0.006178377,0.018608242,-0.026737975,0.381321,-4.6468134,4.6468134,0.020848308,1.0,0.32655728,7.307619,-3.3499458,0.008156789,0.036158618,0.9872016,0.029096477,0.008447753,0.002425775146484375,2213.394957304001,885000
-4.615815,4.615815,0.008449183,1.0,0.24841453,10.027809,-12.021822,0.005703649,0.015256775,0.98722935,0.032523938,0.0060288883,0.031911314,-0.0127240885,0.45826766,-4.6583443,4.6583443,0.02546067,1.0,0.3183739,7.2363863,-3.8679702,0.010144381,0.03808921,0.9871627,0.03790783,0.010523459,0.0024096343517303466,2225.4431331157684,890000
-4.6151342,4.6151342,0.008176647,1.0,0.2602741,10.210538,-3.494178,0.005833957,0.01980611,0.9877415,0.034474548,0.006178702,0.024510445,-0.015444296,0.36957878,-4.6586056,4.6586056,0.025565226,1.0,0.32684758,3.8483565,-4.188816,0.010959372,0.039426357,0.98797923,0.03396284,0.011299,0.002439957857131958,2237.6429262161255,895000
-4.616539,4.616539,0.008738625,1.0,0.25828317,13.046626,-5.790042,0.0051888837,0.015812103,0.9870984,0.029235987,0.0054812436,0.018593583,-0.027009647,0.40753418,-4.67185,4.67185,0.030863052,1.0,0.30527228,3.2044055,-3.6843328,0.008355906,0.050015032,0.98798704,0.030359145,0.008659498,0.0024313851356506347,2249.799855709076,900000
-4.6158347,4.6158347,0.008456785,1.0,0.26391914,9.478236,-13.007444,0.006398295,0.021748345,0.9875967,0.026366532,0.0066619604,0.019530049,-0.03928785,0.4678756,-4.6447277,4.6447277,0.020014048,1.0,0.3097771,3.920574,-3.5622609,0.006942985,0.11122541,0.98823804,0.027745076,0.007220436,0.002415400981903076,2261.8768644332886,905000
-4.614073,4.614073,0.0077521387,1.0,0.29100204,12.890912,-5.8634443,0.0052619935,0.01651346,0.9865542,0.029722702,0.0055592204,0.023242658,-0.023191907,0.3310487,-4.646207,4.646207,0.020605586,1.0,0.33678967,3.093275,-4.2584257,0.009333329,0.035077512,0.98824584,0.03162913,0.00964962,0.002448132276535034,2274.1175293922424,910000
-4.616976,4.616976,0.00891321,1.0,0.25646776,13.957195,-15.32904,0.005693026,0.019516738,0.9880256,0.033480432,0.0060278303,0.018667616,-0.015864866,0.40300596,-4.6571426,4.6571426,0.024979932,1.0,21.31092,2.986754,-3.3928773,0.16797064,0.0367425,0.98841906,0.034764778,0.16831829,0.0024514386653900146,2286.3747267723083,915000
-4.6150484,4.6150484,0.008142262,1.0,0.27367094,9.63878,-12.83754,0.0064077154,0.01798144,0.9860775,0.03149329,0.006722648,0.036561374,-0.017665409,0.3732155,-4.6689625,4.6689625,0.029708028,1.0,0.32459384,15.50998,-6.2036185,0.009902334,5808.281,0.9864704,0.032795943,0.0102302935,0.0023872026920318604,2298.3107438087463,920000
-4.614764,4.614764,0.008028455,1.0,0.25068355,15.638953,-12.662954,0.0056348983,0.018810399,0.9881822,0.030477196,0.0059396704,0.022750875,-0.020724917,0.35273662,-4.6620407,4.6620407,0.026939234,1.0,0.30731925,3.1349394,-6.4487376,0.008509074,0.043961197,0.9870718,0.032668784,0.008835762,0.0024280926704406736,2310.451211452484,925000
-4.6147175,4.6147175,0.008010047,1.0,0.2680245,15.217616,-8.088652,0.0056032185,0.018387936,0.98867005,0.031930592,0.0059225243,0.02648743,-0.020173931,0.4302371,-4.672293,4.672293,0.031040227,1.0,0.36736608,3.1886892,-6.078109,0.01076013,0.04301217,0.98564297,0.03305559,0.011090687,0.002487083387374878,2322.886631965637,930000
-4.6151724,4.6151724,0.008191836,1.0,0.22809067,9.744475,-8.396289,0.0048961807,0.01967191,0.9876789,0.03001779,0.0051963585,0.014400837,-0.022993961,0.32730407,-4.6392336,4.6392336,0.017816365,1.0,0.29765284,3.3067734,-3.5775979,0.011986492,0.03470311,0.9868583,0.029245853,0.012278951,0.0024711842060089113,2335.2425570487976,935000
-4.6144886,4.6144886,0.007918372,1.0,0.26373893,11.147553,-9.877325,0.0054014362,0.016626535,0.9868225,0.03081119,0.005709548,0.034292776,-0.029428817,0.40795165,-4.6483135,4.6483135,0.021448258,1.0,0.3003767,3.4056385,-3.8612852,0.0063637653,0.033242244,0.9884217,0.031566635,0.0066794315,0.0024475865840911867,2347.480493545532,940000
-4.6165247,4.6165247,0.008732915,1.0,0.27315286,9.430522,-12.291387,0.005942801,0.01916076,0.98795164,0.029089754,0.0062336987,0.021118311,-0.028881332,0.39133954,-4.647148,4.647148,0.020982325,1.0,0.28809118,3.3648062,-3.5775979,0.014227321,0.03786669,0.9878591,0.029495401,0.014522275,0.002478604173660278,2359.8735184669495,945000
-4.613985,4.613985,0.0077170045,1.0,0.25168848,9.875548,-8.8104105,0.0053909197,0.017808914,0.98679703,0.029769141,0.005688611,0.018114535,-0.02121622,0.3737621,-4.660617,4.660617,0.026369771,1.0,0.28777978,2.8549805,-4.0761786,0.0047795586,0.031514876,0.9882416,0.031343684,0.0050929952,0.0024521498203277587,2372.1342713832855,950000
-4.615007,4.615007,0.008125799,1.0,0.23232336,9.759106,-8.883435,0.0051662177,0.017838174,0.9873179,0.029466886,0.0054608868,0.018431222,-0.026253305,0.38494062,-4.6551414,4.6551414,0.024179464,1.0,0.32607925,3.1887612,-3.3372614,0.007959371,0.04665663,0.9861918,0.033924475,0.008298616,0.002435894250869751,2384.3137464523315,955000
-4.614124,4.614124,0.0077724443,1.0,0.28098193,9.692881,-10.906883,0.0068934755,0.019191993,0.9892272,0.029631708,0.0071897926,0.015203836,-0.018644763,0.4412971,-4.6718407,4.6718407,0.030859316,1.0,0.3245236,4.7358093,-6.8344097,0.013942447,0.048424866,0.985673,0.02982372,0.014240684,0.002458953809738159,2396.6085193157196,960000
-4.616228,4.616228,0.00861434,1.0,0.25491622,9.5003195,-8.277873,0.005346489,0.018335562,0.986833,0.03206739,0.005667163,0.030818095,-0.019734416,0.37507766,-4.6582575,4.6582575,0.025426079,1.0,0.32242563,3.4098508,-6.223519,0.009832739,0.05021742,0.9876969,0.03284408,0.01016118,0.0024547826290130617,2408.8824355602264,965000
-4.614083,4.614083,0.0077560404,1.0,0.26372474,12.89809,-9.047964,0.0049903905,0.016919367,0.9874722,0.02602899,0.0052506803,0.031395666,-0.030749109,0.3816123,-4.649337,4.649337,0.021857603,1.0,0.2715226,2.921949,-4.54764,0.0104687065,0.03892015,0.9878204,0.028129235,0.0107499985,0.00243009090423584,2421.032901763916,970000
-4.6146903,4.6146903,0.007999176,1.0,0.25114137,9.793152,-9.555262,0.0065193223,0.017708877,0.9876381,0.029212832,0.0068114507,0.015701275,-0.020234799,0.4347143,-4.641435,4.641435,0.01869701,1.0,0.25901905,2.8708014,-4.0609293,0.009759527,0.04197211,0.98667675,0.0291734,0.010051261,0.0024181766986846923,2433.1237902641296,975000
-4.614101,4.614101,0.0077634505,1.0,0.27394012,8.105305,-8.173503,0.004762036,0.014733424,0.98803234,0.03075106,0.0050695464,0.024706773,-0.036171544,0.39113238,-4.6650453,4.6650453,0.028141124,1.0,0.29646197,2.9178622,-3.7306173,0.008439628,0.03888393,0.98859024,0.029936101,0.008738989,0.002456653642654419,2445.407062292099,980000
-4.614692,4.614692,0.007999852,1.0,0.271253,8.896063,-6.181267,0.0058191316,0.01829597,0.9878442,0.024768073,0.006066812,0.013812339,-0.029958716,0.37918746,-4.6609035,4.6609035,0.026484242,1.0,0.29146323,3.8192818,-7.9206724,0.0063093742,0.047857575,0.9875537,0.025669347,0.0065660677,0.0024046129703521727,2457.430130958557,985000
-4.61602,4.61602,0.008531118,1.0,0.2585774,14.547153,-3.721925,0.004956945,0.018204216,0.9871385,0.022471003,0.005181655,0.021429604,-0.020668987,0.38132596,-4.6467447,4.6467447,0.020820847,1.0,353.72586,17.358212,-15.15688,13.93516,0.062676884,0.987975,0.024534822,13.935405,0.002450210094451904,2469.6811850070953,990000
-4.615757,4.615757,0.008425847,1.0,0.24513963,15.884934,-15.237137,0.007783523,0.019844145,0.9866651,0.032720204,0.008110724,0.016280841,-0.02813278,0.47863805,-4.659022,4.659022,0.025731621,1.0,0.32329693,3.224888,-4.0068817,0.009405818,0.05251015,0.98577666,0.03622105,0.009768029,0.0024412917137145995,2481.887647628784,995000
-4.614579,4.614579,0.007954671,1.0,0.25043714,14.549429,-15.139939,0.005213078,0.019058455,0.98732996,0.02781095,0.005491188,0.020863475,-0.0232563,0.3525747,-4.669841,4.669841,0.030059224,1.0,0.3079808,4.2531366,-7.67823,0.0055801654,0.028743427,0.9882496,0.02849292,0.0058650947,0.003214679479598999,2497.961049556732,1000000
