series,step,mean,ci95_lo,ci95_hi
tdmpc_glass_pi,0,101.93999999999998,-29.722633524412473,233.60263352441245
tdmpc_glass_pi,13378,101.93999999999998,-29.722633524412473,233.60263352441245
tdmpc_glass_pi,26756,101.93999999999998,-29.722633524412473,233.60263352441245
tdmpc_glass_pi,40134,101.93999999999998,-29.722633524412473,233.60263352441245
tdmpc_glass_pi,53512,101.93999999999998,-29.722633524412473,233.60263352441245
tdmpc_glass_pi,66890,101.93999999999998,-29.722633524412473,233.60263352441245
tdmpc_glass_pi,80268,101.93999999999998,-29.722633524412473,233.60263352441245
tdmpc_glass_pi,93645,101.93999999999998,-29.722633524412473,233.60263352441245
tdmpc_glass_pi,107023,101.93999999999998,-29.722633524412473,233.60263352441245
tdmpc_glass_pi,120401,101.93999999999998,-29.722633524412473,233.60263352441245
tdmpc_glass_pi,133779,101.93999999999998,-29.722633524412473,233.60263352441245
tdmpc_glass_pi,147157,101.93999999999998,-29.722633524412473,233.60263352441245
tdmpc_glass_pi,160535,101.93999999999998,-29.722633524412473,233.60263352441245
tdmpc_glass_pi,173913,101.93999999999998,-29.722633524412473,233.60263352441245
tdmpc_glass_pi,187291,101.93999999999998,-29.722633524412473,233.60263352441245
tdmpc_glass_pi,200669,101.93999999999998,-29.722633524412473,233.60263352441245
tdmpc_glass_pi,214047,101.93999999999998,-29.722633524412473,233.60263352441245
tdmpc_glass_pi,227425,101.93999999999998,-29.722633524412473,233.60263352441245
tdmpc_glass_pi,240803,101.93999999999998,-29.722633524412473,233.60263352441245
tdmpc_glass_pi,254181,102.33106157337834,-30.545146883969508,235.2072700307262
tdmpc_glass_pi,267559,103.61690691934561,-33.33639719152018,240.5702110302114
tdmpc_glass_pi,280936,104.9027522653129,-36.25178683706906,246.05729136769486
tdmpc_glass_pi,294314,106.18859761128019,-39.28056056655609,251.65775578911646
tdmpc_glass_pi,307692,107.47444295724748,-42.41292716502363,257.3618130795186
tdmpc_glass_pi,321070,108.76028830321475,-45.639993862372265,263.1605704688018
tdmpc_glass_pi,334448,110.04613364918202,-48.953697208888286,269.04596450725234
tdmpc_glass_pi,347826,111.3319789951493,-52.34673361714157,275.01069160744015
tdmpc_glass_pi,361204,112.61782434111657,-55.8124917583871,281.0481404406203
tdmpc_glass_pi,374582,113.90366968708386,-59.344988229162055,287.1523276033298
tdmpc_glass_pi,387960,115.18951503305115,-62.93880732928952,293.31783739539185
tdmpc_glass_pi,401338,116.47536037901844,-66.58904537727102,299.5397661353079
tdmpc_glass_pi,414716,117.76120572498571,-70.29125969789744,305.8136711478689
tdmpc_glass_pi,428094,119.04705107095299,-74.0414222198828,312.1355243617888
tdmpc_glass_pi,441472,120.33289641692026,-77.83587749407421,318.5016703279147
tdmpc_glass_pi,454849,121.61874176288754,-81.67130486612902,324.90878839190407
tdmpc_glass_pi,468227,122.90458710885484,-85.54468449675308,331.3538587144628
tdmpc_glass_pi,481605,124.19043245482212,-89.45326690658925,337.8341318162335
tdmpc_glass_pi,494983,125.4762778007894,-93.3945457234748,344.3471013250536
tdmpc_glass_pi,508361,128.70199791655244,-89.34418055173242,346.7481763848373
tdmpc_glass_pi,521739,133.17708392729864,-80.30494075485458,346.6591086094519
tdmpc_glass_pi,535117,137.65216993804486,-71.49161927831383,346.7959591544036
tdmpc_glass_pi,548495,142.12725594879106,-62.91855615372114,347.1730680513033
tdmpc_glass_pi,561873,146.60234195953723,-54.60043222958194,347.8051161486564
tdmpc_glass_pi,575251,151.07742797028345,-46.55212045209558,348.70697639266245
tdmpc_glass_pi,588629,155.55251398102965,-38.78850398863659,349.8935319506959
tdmpc_glass_pi,602007,160.02759999177584,-31.32426153289194,351.3794615164436
tdmpc_glass_pi,615385,164.50268600252207,-24.173622367241308,353.17899437228544
tdmpc_glass_pi,628763,168.9777720132683,-17.35009643035798,355.3056404568946
tdmpc_glass_pi,642140,173.45285802401446,-10.866187560172023,357.77190360820094
tdmpc_glass_pi,655518,177.92794403476063,-4.733100961161796,360.588989030683
tdmpc_glass_pi,668896,182.40303004550688,1.0395416015639114,363.7665184894498
tdmpc_glass_pi,682274,186.87811605625308,6.443963774244793,367.31226833826133
tdmpc_glass_pi,695652,191.3532020669993,11.474458279650946,371.23194585434766
tdmpc_glass_pi,709030,195.82828807774553,16.12755794311596,375.5290182123751
tdmpc_glass_pi,722408,200.3033740884917,20.40214245585318,380.2046057211302
tdmpc_glass_pi,735786,204.77846009923786,24.299473337403384,385.25744686107237
tdmpc_glass_pi,749164,209.25354610998406,27.823154582452304,390.6839376375158
tdmpc_glass_pi,762542,211.92070388158413,34.00842826597287,389.8329794971954
tdmpc_glass_pi,775920,214.45495315329498,40.37162928817992,388.53827701841004
tdmpc_glass_pi,789298,216.98920242500589,46.69921635039063,387.2791884996211
tdmpc_glass_pi,802676,219.5234516967168,52.988755783752254,386.0581476096813
tdmpc_glass_pi,816054,222.0577009684277,59.237614970049464,384.87778696680596
tdmpc_glass_pi,829431,224.59195024013857,65.44294539757041,383.7409550827067
tdmpc_glass_pi,842809,227.12619951184948,71.60166461010138,382.65073441359755
tdmpc_glass_pi,856187,229.66044878356033,77.71043711329051,381.6104604538301
tdmpc_glass_pi,869565,232.19469805527123,83.76565435778593,380.62374175275653
tdmpc_glass_pi,882943,234.72894732698214,89.7634139907106,379.69448066325367
tdmpc_glass_pi,896321,237.263196598693,95.6994986597295,378.82689453765653
tdmpc_glass_pi,909699,239.79744587040392,101.56935477093401,378.0255369698738
tdmpc_glass_pi,923077,242.33169514211477,107.36807174670727,377.29531853752223
tdmpc_glass_pi,936455,244.86594441382567,113.0903625058098,376.6415263218415
tdmpc_glass_pi,949833,247.40019368553658,118.73054609707143,376.06984127400176
tdmpc_glass_pi,963211,249.93444295724748,124.28253365998202,375.5863522545129
tdmpc_glass_pi,976589,252.46869222895833,129.7398191561503,375.19756530176636
tdmpc_glass_pi,989967,255.0029415006692,135.0954766056118,374.9104063957266
tdmpc_glass_pi,1003344,257.11512665168044,138.24416481053998,375.9860884928209
tdmpc_glass_pi,1016722,257.85829719282856,134.5365544083764,381.1800399772807
tdmpc_glass_pi,1030100,258.6014677339766,130.81726092905507,386.3856745388982
tdmpc_glass_pi,1043478,259.34463827512474,127.08746695673071,391.60180959351874
tdmpc_glass_pi,1056856,260.0878088162728,123.34820294973991,396.8274146828057
tdmpc_glass_pi,1070234,260.8309793574209,119.60037059664913,402.06158811819273
tdmpc_glass_pi,1083612,261.574149898569,115.84476205811563,407.3035377390223
tdmpc_glass_pi,1096990,262.3173204397171,112.08207590375588,412.5525649756783
tdmpc_glass_pi,1110368,263.06049098086515,108.31293037903043,417.8080515826999
tdmpc_glass_pi,1123746,263.8036615220133,104.53787450336753,423.069448540659
tdmpc_glass_pi,1137124,264.54683206316133,100.75739739739765,428.336266728925
tdmpc_glass_pi,1150502,265.29000260430945,96.97193615687209,433.60806905174684
tdmpc_glass_pi,1163880,266.0331731454575,93.18188252809148,438.88446376282354
tdmpc_glass_pi,1177258,266.7763436866056,89.38758859038771,444.1650987828235
tdmpc_glass_pi,1190635,267.51951422775375,85.58937161225828,449.4496568432492
tdmpc_glass_pi,1204013,268.2626847689018,81.78751821685199,454.7378513209516
tdmpc_glass_pi,1217391,269.0058553100499,77.98228796783272,460.02942265226716
tdmpc_glass_pi,1230769,269.749025851198,74.17391646687435,465.3241352355216
tdmpc_glass_pi,1244147,270.49219639234605,70.36261803810726,470.62177474658483
tdmpc_glass_pi,1257525,271.37066482269455,71.69790011234494,471.04342953304416
tdmpc_glass_pi,1270903,272.35590905200894,77.06321868163701,467.64859942238087
tdmpc_glass_pi,1284281,273.3411532813233,82.38348895548171,464.29881760716484
tdmpc_glass_pi,1297659,274.32639751063766,87.65557245990018,460.9972225613751
tdmpc_glass_pi,1311037,275.31164173995205,92.87607231029065,457.7472111696135
tdmpc_glass_pi,1324415,276.2968859692663,98.0413116699306,454.5524602686021
tdmpc_glass_pi,1337793,277.2821301985807,103.14731101497597,451.41694938218546
tdmpc_glass_pi,1351171,278.2673744278951,108.18976436976055,448.34498448602966
tdmpc_glass_pi,1364548,279.25261865720944,113.16401476842205,445.34122254599686
tdmpc_glass_pi,1377926,280.2378628865238,118.06502931682371,442.41069645622395
tdmpc_glass_pi,1391304,281.22310711583816,122.88737437687539,439.5588398548009
tdmpc_glass_pi,1404682,282.20835134515255,127.6251915779828,436.79151111232227
tdmpc_glass_pi,1418060,283.1935955744669,132.2721755808826,434.11501556805115
tdmpc_glass_pi,1431438,284.1788398037813,136.82155477919585,431.5361248283667
tdmpc_glass_pi,1444816,285.1640840330956,141.26607642210266,429.0620916440886
tdmpc_glass_pi,1458194,286.14932826241,145.59799797105572,426.70065855376424
tdmpc_glass_pi,1471572,287.1345724917243,149.80908685054837,424.46005813290026
tdmpc_glass_pi,1484950,288.1198167210388,153.89063109377017,422.3490023483074
tdmpc_glass_pi,1498328,289.1050609503531,157.83346368196402,420.3766582187422
tdmpc_glass_pi,1511706,289.08566074072047,157.81969482877446,420.3516266526665
tdmpc_glass_pi,1525084,288.90682863643843,157.1434768844103,420.6701803884666
tdmpc_glass_pi,1538462,288.72799653215634,156.41662543515253,421.03936762916015
tdmpc_glass_pi,1551839,288.5491644278743,155.63976680408982,421.45856205165876
tdmpc_glass_pi,1565217,288.37033232359227,154.8135727403601,421.92709190682444
tdmpc_glass_pi,1578595,288.1915002193103,153.93875692317815,422.4442435154424
tdmpc_glass_pi,1591973,288.01266811502825,153.0160713682626,423.0092648617939
tdmpc_glass_pi,1605351,287.8338360107462,152.0463027744863,423.6213692470061
tdmpc_glass_pi,1618729,287.65500390646423,151.0302688469745,424.2797389659539
tdmpc_glass_pi,1632107,287.47617180218214,149.9688146307531,424.9835289736112
tdmpc_glass_pi,1645485,287.2973396979001,148.86280888649446,425.73187050930574
tdmpc_glass_pi,1658863,287.11850759361806,147.7131405370198,426.5238746502163
tdmpc_glass_pi,1672241,286.9396754893361,146.52071521009313,427.358635768579
tdmpc_glass_pi,1685619,286.76084338505405,145.28645189977445,428.23523487033367
tdmpc_glass_pi,1698997,286.582011280772,144.0112797652729,429.1527427962711
tdmpc_glass_pi,1712375,286.4031791764899,142.69613508293563,430.11022327004423
tdmpc_glass_pi,1725753,286.22434707220793,141.34195836379104,431.10673578062483
tdmpc_glass_pi,1739130,286.0455149679259,139.94969164598868,432.14133828986314
tdmpc_glass_pi,1752508,286.14115252821585,139.34703950581928,432.9352655506124
tdmpc_glass_pi,1765886,287.43555591309143,142.33016464609838,432.54094718008446
tdmpc_glass_pi,1779264,288.72995929796696,145.29549894544664,432.1644196504873
tdmpc_glass_pi,1792642,290.0243626828425,148.2424133957528,431.80631196993215
tdmpc_glass_pi,1806020,291.318766067718,151.1702564223008,431.4672757131352
tdmpc_glass_pi,1819398,292.6131694525936,154.07835342004205,431.1479854851451
tdmpc_glass_pi,1832776,293.90757283746916,156.9660063367505,430.8491393381878
tdmpc_glass_pi,1846154,295.2019762223447,159.83249331232838,430.571459132361
tdmpc_glass_pi,1859532,296.49637960722026,162.67706838445167,430.31569082998885
tdmpc_glass_pi,1872910,297.7907829920958,165.4989612716894,430.0826047125022
tdmpc_glass_pi,1886288,299.08518637697136,168.2973772461967,429.87299550774605
tdmpc_glass_pi,1899666,300.3795897618469,171.07149710903315,429.6876824146606
tdmpc_glass_pi,1913043,301.6739931467224,173.82047728209722,429.5275090113476
tdmpc_glass_pi,1926421,302.96839653159793,176.54345003155058,429.39334303164526
tdmpc_glass_pi,1939799,304.2627999164735,179.23952383841564,429.2860759945314
tdmpc_glass_pi,1953177,305.5572033013491,181.90778393272734,429.20662266997084
tdmpc_glass_pi,1966555,306.85160668622467,184.54729300816638,429.15592036428296
tdmpc_glass_pi,1979933,308.1460100711002,187.15709213445183,429.13492800774856
tdmpc_glass_pi,1993311,309.4404134559757,189.7362018848795,429.1446250270719
tdmpc_glass_pi,2006689,309.79308441991896,190.95115830131422,428.6350105385237
tdmpc_glass_pi,2020067,309.1672778247519,190.41732230585882,427.917233343645
tdmpc_glass_pi,2033445,308.54147122958483,189.40528346725367,427.677658991916
tdmpc_glass_pi,2046823,307.91566463441774,187.91965928429403,427.91166998454145
tdmpc_glass_pi,2060201,307.2898580392506,185.97051855837648,428.60919752012467
tdmpc_glass_pi,2073579,306.6640514440835,183.572809957098,429.755292931069
tdmpc_glass_pi,2086957,306.0382448489164,180.7455631145774,431.3309265832554
tdmpc_glass_pi,2100334,305.41243825374926,177.5109557439656,433.3139207635329
tdmpc_glass_pi,2113712,304.78663165858217,173.8933425759796,435.67992074118473
tdmpc_glass_pi,2127090,304.1608250634151,169.91832884047446,438.40332128635566
tdmpc_glass_pi,2140468,303.535018468248,165.6119485194035,441.4580884170924
tdmpc_glass_pi,2153846,302.9092118730809,160.99998235398098,444.81844139218083
tdmpc_glass_pi,2167224,302.2834052779138,156.10742781260484,448.45938274322276
tdmpc_glass_pi,2180602,301.65759868274665,150.95811587070912,452.3570814947842
tdmpc_glass_pi,2193980,301.03179208757956,145.5744583321859,456.4891258429732
tdmpc_glass_pi,2207358,300.40598549241247,139.97730388123915,460.8346671035858
tdmpc_glass_pi,2220736,299.7801788972453,134.18587973418298,465.37447806030764
tdmpc_glass_pi,2234114,299.1543723020783,128.2177971820779,470.09094742207867
tdmpc_glass_pi,2247492,298.52856570691114,122.08910221065034,474.9680292031719
tdmpc_glass_pi,2260870,299.6609675694939,125.95747225524414,473.3644628837436
tdmpc_glass_pi,2274247,301.2479686386315,132.4130547182974,470.0828825589656
tdmpc_glass_pi,2287625,302.8349697077691,138.8433647121646,466.82657470337364
tdmpc_glass_pi,2301003,304.42197077690656,145.24609529311695,463.5978462606962
tdmpc_glass_pi,2314381,306.0089718460442,151.61866567536495,460.39927801672343
tdmpc_glass_pi,2327759,307.59597291518173,157.95818216909402,457.23376366126945
tdmpc_glass_pi,2341137,309.1829739843193,164.26139285951731,454.1045551091213
tdmpc_glass_pi,2354515,310.76997505345685,170.52463499360377,451.01531511330995
tdmpc_glass_pi,2367893,312.3569761225944,176.743773897502,447.9701783476868
tdmpc_glass_pi,2381271,313.943977191732,182.91413210507824,444.9738222783858
tdmpc_glass_pi,2394649,315.5309782608696,189.03040725200054,442.0315492697386
tdmpc_glass_pi,2408027,317.1179793300071,195.08657720679943,439.1493814532147
tdmpc_glass_pi,2421405,318.70498039914474,201.07579091290032,436.3341698853892
tdmpc_glass_pi,2434783,320.2919814682822,206.99024357042674,433.59371936613763
tdmpc_glass_pi,2448161,321.8789825374198,212.82103519470422,430.9369298801354
tdmpc_glass_pi,2461538,323.46598360655736,218.55801239851507,428.37395481459964
tdmpc_glass_pi,2474916,325.052984675695,224.18959466813556,425.9163746832544
tdmpc_glass_pi,2488294,326.6399857448325,229.70258872440814,423.5773827652568
tdmpc_glass_pi,2501672,328.16339589830307,234.7333980275044,421.59339376910174
tdmpc_glass_pi,2515050,329.2106859097024,237.05041102461138,421.37096079479346
tdmpc_glass_pi,2528428,330.25797592110166,239.29324381782493,421.2227080243784
tdmpc_glass_pi,2541806,331.3052659325011,241.45893511530244,421.1515967496997
tdmpc_glass_pi,2555184,332.35255594390037,243.5445704303591,421.16054145744164
tdmpc_glass_pi,2568562,333.3998459552996,245.54731112789432,421.2523807827049
tdmpc_glass_pi,2581940,334.44713596669897,247.46442552838937,421.42984640500856
tdmpc_glass_pi,2595318,335.4944259780983,249.29332152022948,421.69553043596716
tdmpc_glass_pi,2608696,336.5417159894976,251.03157998630047,422.05185199269476
tdmpc_glass_pi,2622074,337.5890060008968,252.67698821906936,422.50102378272425
tdmpc_glass_pi,2635452,338.6362960122962,254.22757239177974,423.0450196328127
tdmpc_glass_pi,2648829,339.6835860236955,255.68162808416088,423.68554396323015
tdmpc_glass_pi,2662207,340.73087603509487,257.03774784004406,424.42400423014567
tdmpc_glass_pi,2675585,341.7781660464941,258.29484476949705,425.26148732349117
tdmpc_glass_pi,2688963,342.8254560578934,259.4521713032991,426.1987408124877
tdmpc_glass_pi,2702341,343.8727460692927,260.50933236117805,427.23615977740735
tdmpc_glass_pi,2715719,344.92003608069206,261.4662923999132,428.3737797614709
tdmpc_glass_pi,2729097,345.96732609209135,262.32337605043415,429.61127613374856
tdmpc_glass_pi,2742475,347.01461610349065,263.08126231745035,430.94796988953095
tdmpc_glass_pi,2755853,347.3511506250343,263.12949920471027,431.5728020453583
tdmpc_glass_pi,2769231,346.7139943253468,262.2761077083219,431.1518809423717
tdmpc_glass_pi,2782609,346.07683802565936,261.37274011386216,430.78093593745655
tdmpc_glass_pi,2795987,345.4396817259718,260.41986587065577,430.45949758128785
tdmpc_glass_pi,2809365,344.80252542628443,259.4180341447224,430.18701670784645
tdmpc_glass_pi,2822742,344.16536912659683,258.3678692034102,429.9628690497835
tdmpc_glass_pi,2836120,343.52821282690934,257.27006531001655,429.78636034380213
tdmpc_glass_pi,2849498,342.8910565272219,256.1253812210178,429.656731833426
tdmpc_glass_pi,2862876,342.2539002275345,254.93463438112454,429.57316607394444
tdmpc_glass_pi,2876254,341.6167439278469,253.69869491122495,429.5347929444689
tdmpc_glass_pi,2889632,340.97958762815944,252.41847948163132,429.54069577468755
tdmpc_glass_pi,2903010,340.34243132847195,251.0949451582065,429.58991749873735
tdmpc_glass_pi,2916388,339.70527502878446,249.72908330229964,429.6814667552693
tdmpc_glass_pi,2929766,339.068118729097,248.32191359737064,429.8143238608234
tdmpc_glass_pi,2943144,338.43096242940953,246.87447826615468,429.98744659266436
tdmpc_glass_pi,2956522,337.79380612972204,245.38783653261171,430.1997757268324
tdmpc_glass_pi,2969900,337.15664983003455,243.8630593730981,430.450240286971
tdmpc_glass_pi,2983278,336.51949353034706,242.3012245915162,430.73776246917794
tdmpc_glass_pi,2996656,335.8823372306596,240.70341224391734,431.0612622174018
tdmpc_glass_pi,3010033,336.367325133591,241.84612850660946,430.88852176057253
tdmpc_glass_pi,3023411,337.23596608278024,243.89168654664618,430.5802456189143
tdmpc_glass_pi,3036789,338.1046070319694,245.8878241321973,430.3213899317415
tdmpc_glass_pi,3050167,338.9732479811586,247.8327071083516,430.11378885396556
tdmpc_glass_pi,3063545,339.84188893034786,249.7244991061179,429.95927875457784
tdmpc_glass_pi,3076923,340.71052987953703,251.5613721559949,429.8596876030792
tdmpc_glass_pi,3090301,341.5791708287262,253.34151836198106,429.81682329547135
tdmpc_glass_pi,3103679,342.44781177791543,255.0631625607473,429.8324609950836
tdmpc_glass_pi,3117057,343.3164527271047,256.72457585223094,429.9083296019785
tdmpc_glass_pi,3130435,344.18509367629383,258.3240898470851,430.0460975055026
tdmpc_glass_pi,3143813,345.05373462548306,259.8601114348602,430.24735781610593
tdmpc_glass_pi,3157191,345.92237557467223,261.33113783651993,430.51361331282453
tdmpc_glass_pi,3170569,346.79101652386146,262.73577166823264,430.8462613794903
tdmpc_glass_pi,3183946,347.65965747305074,264.07273571284264,431.24657923325884
tdmpc_glass_pi,3197324,348.5282984222399,265.3408870735573,431.7157097709225
tdmpc_glass_pi,3210702,349.3969393714292,266.539230373515,432.2546483693434
tdmpc_glass_pi,3224080,350.26558032061837,267.6669296669214,432.8642309743153
tdmpc_glass_pi,3237458,351.13422126980765,268.72331874362334,433.54512379599197
tdmpc_glass_pi,3250836,351.94367241899226,269.64268454148277,434.24466029650176
tdmpc_glass_pi,3264214,351.6127794835244,269.2695534877542,433.95600547929456
tdmpc_glass_pi,3277592,351.2818865480564,268.8932951565912,433.67047793952156
tdmpc_glass_pi,3290970,350.9509936125884,268.51391471084685,433.3880725143299
tdmpc_glass_pi,3304348,350.62010067712043,268.13141765613307,433.1087836981078
tdmpc_glass_pi,3317726,350.2892077416525,267.7458098377334,432.83260564557156
tdmpc_glass_pi,3331104,349.95831480618455,267.3570974373387,432.55953217503037
tdmpc_glass_pi,3344482,349.6274218707166,266.96528696961013,432.2895567718231
tdmpc_glass_pi,3357860,349.29652893524866,266.57038527857287,432.02267259192445
tdmpc_glass_pi,3371237,348.9656359997807,266.172399533847,431.75887246571443
tdmpc_glass_pi,3384615,348.6347430643128,265.7713372267183,431.49814890190726
tdmpc_glass_pi,3397993,348.30385012884483,265.3672061660549,431.24049409163473
tdmpc_glass_pi,3411371,347.9729571933768,264.9600144740751,430.9858999126786
tdmpc_glass_pi,3424749,347.6420642579089,264.54977058197045,430.7343579338473
tdmpc_glass_pi,3438127,347.3111713224409,264.136483225391,430.4858594194908
tdmpc_glass_pi,3451505,346.980278386973,263.7201614397966,430.2403953341494
tdmpc_glass_pi,3464883,346.649385451505,263.30081455568063,429.99795634732936
tdmpc_glass_pi,3478261,346.31849251603705,262.87845219367233,429.7585328384018
tdmpc_glass_pi,3491639,345.98759958056905,262.4530842595219,429.5221149016162
tdmpc_glass_pi,3505017,345.9386424896362,262.3170650436176,429.5602199356548
tdmpc_glass_pi,3518395,346.36440492532256,262.6588862146145,430.06992363603064
tdmpc_glass_pi,3531773,346.7901673610089,262.9811338911538,430.59920083086405
tdmpc_glass_pi,3545151,347.2159297966952,263.2838804941297,431.14797909926074
tdmpc_glass_pi,3558528,347.6416922323816,263.5672116240563,431.7161728407069
tdmpc_glass_pi,3571906,348.06745466806785,263.83122576716414,432.30368356897156
tdmpc_glass_pi,3585284,348.49321710375426,264.0760339608324,432.91040024667615
tdmpc_glass_pi,3598662,348.91897953944056,264.30175942095536,433.53619965792575
tdmpc_glass_pi,3612040,349.3447419751269,264.5085371340973,434.1809468161565
tdmpc_glass_pi,3625418,349.7705044108132,264.6965134174873,434.8444954041391
tdmpc_glass_pi,3638796,350.19626684649955,264.8658454500818,435.5266882429173
tdmpc_glass_pi,3652174,350.62202928218596,265.01670077804215,436.2273577863298
tdmpc_glass_pi,3665552,351.04779171787226,265.1492567980676,436.9463266376769
tdmpc_glass_pi,3678930,351.4735541535586,265.2637002220629,437.68340808505434
tdmpc_glass_pi,3692308,351.89931658924496,265.3602265266314,438.43840665185854
tdmpc_glass_pi,3705686,352.32507902493126,265.43903939085163,439.2111186590109
tdmpc_glass_pi,3719064,352.7508414606176,265.5003501257319,440.0013327955033
tdmpc_glass_pi,3732441,353.1766038963039,265.54437709863856,440.80883069396924
tdmpc_glass_pi,3745819,353.6023663319903,265.5713451558711,441.63338750810954
tdmpc_glass_pi,3759197,353.85377528921543,265.8421338616567,441.8654167167742
tdmpc_glass_pi,3772575,354.02189888425903,266.23313403874295,441.8106637297751
tdmpc_glass_pi,3785953,354.19002247930257,266.6222220575707,441.75782290103444
tdmpc_glass_pi,3799331,354.35814607434617,267.009383406693,441.7069087419993
tdmpc_glass_pi,3812709,354.52626966938976,267.3946035559124,441.6579357828671
tdmpc_glass_pi,3826087,354.69439326443336,267.7778679592775,441.6109185695892
tdmpc_glass_pi,3839465,354.8625168594769,268.1591620581552,441.5658716607986
tdmpc_glass_pi,3852843,355.03064045452055,268.5384712843769,441.5228096246642
tdmpc_glass_pi,3866221,355.19876404956415,268.9157810634597,441.4817470356686
tdmpc_glass_pi,3879599,355.36688764460774,269.291076817902,441.44269847131346
tdmpc_glass_pi,3892977,355.5350112396513,269.6643439705538,441.4056785087488
tdmpc_glass_pi,3906355,355.7031348346949,270.03556794806,441.37070172132974
tdmpc_glass_pi,3919732,355.8712584297385,270.4047341843776,441.33778267509933
tdmpc_glass_pi,3933110,356.039382024782,270.7718281243655,441.3069359251985
tdmpc_glass_pi,3946488,356.20750561982567,271.1368352274466,441.2781760122047
tdmpc_glass_pi,3959866,356.37562921486926,271.4997409713407,441.2515174583978
tdmpc_glass_pi,3973244,356.5437528099128,271.86053085586883,441.2269747639568
tdmpc_glass_pi,3986622,356.71187640495646,272.21919040682644,441.20456240308647
tdmpc_glass_pi,4000000,356.88,272.57570517992514,441.18429482007485
tdmpc_glass_mppi,0,75.06,-19.871956713171258,169.99195671317125
tdmpc_glass_mppi,13378,75.06,-19.871956713171258,169.99195671317125
tdmpc_glass_mppi,26756,75.06,-19.871956713171258,169.99195671317125
tdmpc_glass_mppi,40134,75.06,-19.871956713171258,169.99195671317125
tdmpc_glass_mppi,53512,75.06,-19.871956713171258,169.99195671317125
tdmpc_glass_mppi,66890,75.06,-19.871956713171258,169.99195671317125
tdmpc_glass_mppi,80268,75.06,-19.871956713171258,169.99195671317125
tdmpc_glass_mppi,93645,75.06,-19.871956713171258,169.99195671317125
tdmpc_glass_mppi,107023,75.06,-19.871956713171258,169.99195671317125
tdmpc_glass_mppi,120401,75.06,-19.871956713171258,169.99195671317125
tdmpc_glass_mppi,133779,75.06,-19.871956713171258,169.99195671317125
tdmpc_glass_mppi,147157,75.06,-19.871956713171258,169.99195671317125
tdmpc_glass_mppi,160535,75.06,-19.871956713171258,169.99195671317125
tdmpc_glass_mppi,173913,75.06,-19.871956713171258,169.99195671317125
tdmpc_glass_mppi,187291,75.06,-19.871956713171258,169.99195671317125
tdmpc_glass_mppi,200669,75.06,-19.871956713171258,169.99195671317125
tdmpc_glass_mppi,214047,75.06,-19.871956713171258,169.99195671317125
tdmpc_glass_mppi,227425,75.06,-19.871956713171258,169.99195671317125
tdmpc_glass_mppi,240803,75.06,-19.871956713171258,169.99195671317125
tdmpc_glass_mppi,254181,75.85806492470638,-20.39783828668081,172.11396813609358
tdmpc_glass_mppi,267559,78.48217360495408,-22.355817322281453,179.3201645321896
tdmpc_glass_mppi,280936,81.10628228520177,-24.62923144443846,186.841796014842
tdmpc_glass_mppi,294314,83.73039096544947,-27.176300678152657,194.63708260905162
tdmpc_glass_mppi,307692,86.35449964569719,-29.960531959059608,202.66953125045399
tdmpc_glass_mppi,321070,88.97860832594488,-32.95037035152333,210.90758700341308
tdmpc_glass_mppi,334448,91.60271700619259,-36.11870658309347,219.32414059547864
tdmpc_glass_mppi,347826,94.22682568644029,-39.44233748983456,227.89598886271514
tdmpc_glass_mppi,361204,96.85093436668801,-42.90143685843911,236.60330559181511
tdmpc_glass_mppi,374582,99.47504304693571,-46.47906713867813,245.42915323254954
tdmpc_glass_mppi,387960,102.09915172718341,-50.16074527570861,254.35904873007541
tdmpc_glass_mppi,401338,104.72326040743113,-53.934065703961096,263.38058651882335
tdmpc_glass_mppi,414716,107.34736908767881,-57.788377982816044,272.4831161581737
tdmpc_glass_mppi,428094,109.97147776792652,-61.714513886817016,281.65746942267003
tdmpc_glass_mppi,441472,112.59558644817423,-65.70455779922474,290.8957306955732
tdmpc_glass_mppi,454849,115.2196951284219,-69.75165423423559,300.1910444910794
tdmpc_glass_mppi,468227,117.84380380866965,-73.84984676345998,309.53745438079926
tdmpc_glass_mppi,481605,120.46791248891734,-77.99394327315491,318.9297682509896
tdmpc_glass_mppi,494983,123.09202116916504,-82.17940317823357,328.3634455165636
tdmpc_glass_mppi,508361,127.58779538351882,-78.75598909566884,333.9315798627065
tdmpc_glass_mppi,521739,133.289005702067,-70.66264036346024,337.2406517675942
tdmpc_glass_mppi,535117,138.99021602061515,-62.88660853298546,340.86704057421576
tdmpc_glass_mppi,548495,144.69142633916334,-55.437763111588566,344.8206157899152
tdmpc_glass_mppi,561873,150.39263665771145,-48.324736684296994,349.11000999971986
tdmpc_glass_mppi,575251,156.0938469762596,-41.55472571031939,353.74241966283864
tdmpc_glass_mppi,588629,161.7950572948078,-35.13331527120704,358.72342986082265
tdmpc_glass_mppi,602007,167.496267613356,-29.064337232373276,364.0568724590853
tdmpc_glass_mppi,615385,173.19747793190416,-23.349769956488416,369.7447258202967
tdmpc_glass_mppi,628763,178.89868825045235,-17.989685573514407,375.7870620744191
tdmpc_glass_mppi,642140,184.59989856900046,-12.98224804590356,382.1820451839045
tdmpc_glass_mppi,655518,190.30110888754862,-8.323762148843258,388.92597992394053
tdmpc_glass_mppi,668896,196.00231920609681,-4.008770353596617,396.01340876579025
tdmpc_glass_mppi,682274,201.703529524645,-0.030191798416495885,403.43725084770654
tdmpc_glass_mppi,695652,207.40473984319314,3.6205046575240374,411.1889750288623
tdmpc_glass_mppi,709030,213.10595016174133,6.953102689463947,419.2587976340187
tdmpc_glass_mppi,722408,218.8071604802895,9.978425984745087,427.63589497583393
tdmpc_glass_mppi,735786,224.50837079883757,12.708120561838143,436.308621035837
tdmpc_glass_mppi,749164,230.20958111738577,15.15444058532799,445.2647216494436
tdmpc_glass_mppi,762542,233.13210154626645,20.007040962594402,446.2571621299385
tdmpc_glass_mppi,775920,235.85034865450513,24.990800239653197,446.70989706935705
tdmpc_glass_mppi,789298,238.56859576274377,29.914167970208524,447.22302355527904
tdmpc_glass_mppi,802676,241.2868428709824,34.775209571696024,447.7984761702688
tdmpc_glass_mppi,816054,244.00508997922105,39.57196519451011,448.438214763932
tdmpc_glass_mppi,829431,246.72333708745973,44.30245451518883,449.14421965973065
tdmpc_glass_mppi,842809,249.4415841956984,48.96468212409667,449.9184862673001
tdmpc_glass_mppi,856187,252.15983130393707,53.556643520080655,450.7630190877935
tdmpc_glass_mppi,869565,254.87807841217568,58.07633171670943,451.67982510764193
tdmpc_glass_mppi,882943,257.5963255204143,62.52174445548718,452.67090658534147
tdmpc_glass_mppi,896321,260.314572628653,66.8908920108941,453.73825324641194
tdmpc_glass_mppi,909699,263.0328197368916,71.18180556032172,454.8838339134615
tdmpc_glass_mppi,923077,265.7510668451303,75.39254607910402,456.1095876111566
tdmpc_glass_mppi,936455,268.46931395336895,79.52121370709892,457.417414199639
tdmpc_glass_mppi,949833,271.1875610616076,83.56595751896393,458.80916460425124
tdmpc_glass_mppi,963211,273.90580816984624,87.52498561574046,460.28663072395204
tdmpc_glass_mppi,976589,276.62405527808494,91.39657544107277,461.85153511509714
tdmpc_glass_mppi,989967,279.3423023863236,95.17908421181926,463.5055205608279
tdmpc_glass_mppi,1003344,281.3624655957015,97.66155215902765,465.06337903237534
tdmpc_glass_mppi,1016722,281.118311585065,96.18300365782858,466.0536195123014
tdmpc_glass_mppi,1030100,280.87415757442847,94.69936802521912,467.04894712363784
tdmpc_glass_mppi,1043478,280.63000356379183,93.21074619112943,468.04926093645423
tdmpc_glass_mppi,1056856,280.38584955315537,91.71723682325432,469.0544622830564
tdmpc_glass_mppi,1070234,280.14169554251873,90.21893637551489,470.0644547095226
tdmpc_glass_mppi,1083612,279.8975415318822,88.71593913597346,471.07914392779094
tdmpc_glass_mppi,1096990,279.6533875212457,87.20833727415783,472.09843776833355
tdmpc_glass_mppi,1110368,279.4092335106091,85.69622088776481,473.1222461334534
tdmpc_glass_mppi,1123746,279.1650794999726,84.17967804871128,474.15048095123393
tdmpc_glass_mppi,1137124,278.92092548933607,82.6587948485064,475.1830561301657
tdmpc_glass_mppi,1150502,278.6767714786995,81.13365544292398,476.219887514475
tdmpc_glass_mppi,1163880,278.4326174680629,79.6043420959547,477.2608928401711
tdmpc_glass_mppi,1177258,278.1884634574264,78.07093522302318,478.3059916918296
tdmpc_glass_mppi,1190635,277.9443094467898,76.53351343345625,479.35510546012335
tdmpc_glass_mppi,1204013,277.7001554361533,74.99215357219279,480.40815730011377
tdmpc_glass_mppi,1217391,277.4560014255168,73.44693076072653,481.465072090307
tdmpc_glass_mppi,1230769,277.21184741488025,71.89791843727627,482.5257763924842
tdmpc_glass_mppi,1244147,276.9676934042437,70.34518839618059,483.5901984123068
tdmpc_glass_mppi,1257525,278.3111004611072,74.50460847602662,482.1175924461877
tdmpc_glass_mppi,1270903,280.907395514903,83.13534203467404,478.6794489951319
tdmpc_glass_mppi,1284281,283.50369056869874,91.71237322465566,475.2950079127418
tdmpc_glass_mppi,1297659,286.09998562249456,100.2305180179539,471.9694532270352
tdmpc_glass_mppi,1311037,288.6962806762905,108.68396477850956,468.7085965740714
tdmpc_glass_mppi,1324415,291.29257573008624,117.06618831869389,465.5189631414786
tdmpc_glass_mppi,1337793,293.88887078388217,125.36985234910193,462.4078892186624
tdmpc_glass_mppi,1351171,296.485165837678,133.586699343134,459.38363233222196
tdmpc_glass_mppi,1364548,299.08146089147374,141.7074271165798,456.4554946663677
tdmpc_glass_mppi,1377926,301.67775594526955,149.7215519418004,453.6339599487387
tdmpc_glass_mppi,1391304,304.2740509990655,157.61725888918247,450.93084310894847
tdmpc_glass_mppi,1404682,306.87034605286124,165.38124146514375,448.35945064057876
tdmpc_glass_mppi,1418060,309.46664110665716,172.9985346848205,445.93474752849386
tdmpc_glass_mppi,1431438,312.062936160453,180.45234869901608,443.6735236218899
tdmpc_glass_mppi,1444816,314.65923121424873,187.72391421467466,441.5945482138228
tdmpc_glass_mppi,1458194,317.25552626804466,194.79235637654097,439.71869615954836
tdmpc_glass_mppi,1471572,319.85182132184036,201.63462051661355,438.06902212706717
tdmpc_glass_mppi,1484950,322.44811637563623,208.22548087449576,436.6707518767767
tdmpc_glass_mppi,1498328,325.04441142943205,214.5376710753497,435.5511517835144
tdmpc_glass_mppi,1511706,323.2494164290805,212.958980387819,433.539852470342
tdmpc_glass_mppi,1525084,320.75754632929437,210.00018517190466,431.5149074866841
tdmpc_glass_mppi,1538462,318.26567622950813,206.87717939863865,429.6541730603776
tdmpc_glass_mppi,1551839,315.77380612972206,203.59273460137518,427.95487765806894
tdmpc_glass_mppi,1565217,313.2819360299358,200.15024374359712,426.4136283162745
tdmpc_glass_mppi,1578595,310.7900659301497,196.55365230818376,425.02647955211563
tdmpc_glass_mppi,1591973,308.2981958303635,192.807382333522,423.789009327205
tdmpc_glass_mppi,1605351,305.8063257305773,188.9162525231793,422.69639893797535
tdmpc_glass_mppi,1618729,303.3144556307912,184.88539739754003,421.74351386404237
tdmpc_glass_mppi,1632107,300.822585531005,180.72018813231014,420.9249829296999
tdmpc_glass_mppi,1645485,298.3307154312189,176.4261572919575,420.2352735704803
tdmpc_glass_mppi,1658863,295.8388453314327,172.0089291695521,419.66876149331335
tdmpc_glass_mppi,1672241,293.3469752316465,167.4741569367362,419.2197935265568
tdmpc_glass_mppi,1685619,290.85510513186034,162.82746732789272,418.882742935828
tdmpc_glass_mppi,1698997,288.36323503207416,158.07441315874672,418.6520569054016
tdmpc_glass_mppi,1712375,285.871364932288,153.2204336278654,418.52229623671053
tdmpc_glass_mppi,1725753,283.3794948325018,148.27082207595024,418.4881675890533
tdmpc_glass_mppi,1739130,280.8876247327156,143.23070068071397,418.5445487847172
tdmpc_glass_mppi,1752508,279.4551086357459,140.45297709571645,418.4572401757753
tdmpc_glass_mppi,1765886,282.64939665825693,147.83542006088106,417.4633732556328
tdmpc_glass_mppi,1779264,285.843684680768,155.10759305929122,416.57977630224474
tdmpc_glass_mppi,1792642,289.0379727032791,162.25885505350334,415.8170903530548
tdmpc_glass_mppi,1806020,292.2322607257902,169.27753188306787,415.1869895685125
tdmpc_glass_mppi,1819398,295.4265487483012,176.15086945593976,414.7022280406626
tdmpc_glass_mppi,1832776,298.6208367708123,182.86500905723113,414.3766644843934
tdmpc_glass_mppi,1846154,301.8151247933233,189.4049949926977,414.22525459394893
tdmpc_glass_mppi,1859532,305.0094128158345,195.75482679279438,414.2639988388746
tdmpc_glass_mppi,1872910,308.20370083834547,201.89756975705066,414.5098319196403
tdmpc_glass_mppi,1886288,311.3979888608565,207.81553814155677,414.98043958015626
tdmpc_glass_mppi,1899666,314.5922768833676,213.49056403094332,415.6939897357919
tdmpc_glass_mppi,1913043,317.78656490587866,218.90436104943575,416.6687687623216
tdmpc_glass_mppi,1926421,320.9808529283897,224.03898482974319,417.92272102703623
tdmpc_glass_mppi,1939799,324.1751409509008,228.87738129969603,419.4729006021056
tdmpc_glass_mppi,1953177,327.3694289734119,233.40399994891706,421.33485799790674
tdmpc_glass_mppi,1966555,330.5637169959229,237.60543408304233,423.5219999088035
tdmpc_glass_mppi,1979933,333.758005018434,241.47103667728584,426.0449733595822
tdmpc_glass_mppi,1993311,336.95229304094505,244.99345256204282,428.9111335198473
tdmpc_glass_mppi,2006689,338.51546903188046,246.7644239534245,430.2665141103364
tdmpc_glass_mppi,2020067,338.3838891836658,246.88005546225384,429.8877229050778
tdmpc_glass_mppi,2033445,338.2523093354512,246.85064822969224,429.6539704412101
tdmpc_glass_mppi,2046823,338.12072948723653,246.67571609384564,429.56574288062745
tdmpc_glass_mppi,2060201,337.989149639022,246.35546559984294,429.62283367820106
tdmpc_glass_mppi,2073579,337.85756979080725,245.89079110895938,429.8243484726551
tdmpc_glass_mppi,2086957,337.72598994259266,245.28325379697054,430.1687260882148
tdmpc_glass_mppi,2100334,337.5944100943781,244.53504567836956,430.6537745103866
tdmpc_glass_mppi,2113712,337.46283024616343,243.64894055288258,431.2767199394443
tdmpc_glass_mppi,2127090,337.3312503979488,242.62823435461522,432.0342664412824
tdmpc_glass_mppi,2140468,337.19967054973415,241.47667775033432,432.922663349134
tdmpc_glass_mppi,2153846,337.06809070151957,240.19840396881023,433.9377774342289
tdmpc_glass_mppi,2167224,336.936510853305,238.79785476223265,435.0751669443773
tdmpc_glass_mppi,2180602,336.80493100509034,237.27970713958211,436.33015487059856
tdmpc_glass_mppi,2193980,336.6733511568757,235.64880312004198,437.6978991937094
tdmpc_glass_mppi,2207358,336.5417713086611,233.9100842862666,439.1734583310556
tdmpc_glass_mppi,2220736,336.41019146044647,232.06853242375968,440.75185049713326
tdmpc_glass_mppi,2234114,336.2786116122318,230.12911705647383,442.4281061679898
tdmpc_glass_mppi,2247492,336.14703176401724,228.09675026134454,444.19731326668995
tdmpc_glass_mppi,2260870,336.8159996436208,229.0542589062601,444.5777403809815
tdmpc_glass_mppi,2274247,337.6919556993256,230.7778892972813,444.60602210136994
tdmpc_glass_mppi,2287625,338.5679117550305,232.4777464846973,444.6580770253637
tdmpc_glass_mppi,2301003,339.44386781073524,234.1532723895687,444.73446323190177
tdmpc_glass_mppi,2314381,340.31982386644006,235.80390859133854,444.8357391415416
tdmpc_glass_mppi,2327759,341.1957799221449,237.42909763909262,444.96246220519714
tdmpc_glass_mppi,2341137,342.07173597784964,239.02828444956035,445.1151875061389
tdmpc_glass_mppi,2354515,342.94769203355446,240.60091778890535,445.2944662782036
tdmpc_glass_mppi,2367893,343.82364808925934,242.1464518341564,445.50084434436224
tdmpc_glass_mppi,2381271,344.6996041449641,243.66434780885368,445.7348604810745
tdmpc_glass_mppi,2394649,345.5755602006689,245.15407568615058,445.99704471518726
tdmpc_glass_mppi,2408027,346.45151625637374,246.61511595123935,446.28791656150815
tdmpc_glass_mppi,2421405,347.3274723120785,248.04696141358596,446.60798321057104
tdmpc_glass_mppi,2434783,348.2034283677833,249.44911905808465,446.957737677482
tdmpc_glass_mppi,2448161,349.07938442348814,250.82111192291515,447.3376569240611
tdmpc_glass_mppi,2461538,349.9553404791929,252.16248099063228,447.7481999677535
tdmpc_glass_mppi,2474916,350.8312965348977,253.47278707787524,448.1898059919202
tdmpc_glass_mppi,2488294,351.70725259060254,254.7516127080862,448.66289247311886
tdmpc_glass_mppi,2501672,352.56407054562635,256.0179984777168,449.1101426135359
tdmpc_glass_mppi,2515050,353.27759703960317,257.40695554350134,449.148238535705
tdmpc_glass_mppi,2528428,353.99112353358004,258.7799757476647,449.20227131949537
tdmpc_glass_mppi,2541806,354.7046500275568,260.13672567022525,449.27257438488834
tdmpc_glass_mppi,2555184,355.4181765215338,261.47687109893604,449.3594819441315
tdmpc_glass_mppi,2568562,356.1317030155106,262.8000775906051,449.4633284404161
tdmpc_glass_mppi,2581940,356.8452295094874,264.1060110681335,449.5844479508413
tdmpc_glass_mppi,2595318,357.5587560034643,265.3943384526724,449.72317355425616
tdmpc_glass_mppi,2608696,358.2722824974411,266.66472832997357,449.8798366649086
tdmpc_glass_mppi,2622074,358.98580899141797,267.9168516496348,450.05476633320114
tdmpc_glass_mppi,2635452,359.6993354853948,269.15038245556235,450.2482885152272
tdmpc_glass_mppi,2648829,360.41286197937177,270.3649986455685,450.46072531317503
tdmpc_glass_mppi,2662207,361.1263884733485,271.5603827576024,450.69239418909467
tdmpc_glass_mppi,2675585,361.8399149673254,272.7362227796946,450.9436071549562
tdmpc_glass_mppi,2688963,362.5534414613022,273.89221298025586,451.21466994234856
tdmpc_glass_mppi,2702341,363.2669679552791,275.028054754958,451.50588115560015
tdmpc_glass_mppi,2715719,363.9804944492559,276.1434574859992,451.8175314125126
tdmpc_glass_mppi,2729097,364.6940209432329,277.23813940916745,452.1499024772983
tdmpc_glass_mppi,2742475,365.4075474372097,278.31182848374044,452.50326639067896
tdmpc_glass_mppi,2755853,365.89545856406596,278.9182795625355,452.87263756559645
tdmpc_glass_mppi,2769231,366.074290668348,278.899595499103,453.248985837593
tdmpc_glass_mppi,2782609,366.2531227726301,278.86974440039126,453.63650114486893
tdmpc_glass_mppi,2795987,366.4319548769121,278.82880607077914,454.035103683045
tdmpc_glass_mppi,2809365,366.6107869811941,278.7768637347533,454.4447102276349
tdmpc_glass_mppi,2822742,366.78961908547626,278.7140038898821,454.8652342810704
tdmpc_glass_mppi,2836120,366.9684511897582,278.64031615673684,455.2965862227795
tdmpc_glass_mppi,2849498,367.1472832940402,278.5558931263186,455.73867346176183
tdmpc_glass_mppi,2862876,367.32611539832226,278.4608302055325,456.19140059111203
tdmpc_glass_mppi,2876254,367.5049475026043,278.35522546124963,456.65466954395896
tdmpc_glass_mppi,2889632,367.6837796068864,278.23917946347757,457.1283797502952
tdmpc_glass_mppi,2903010,367.86261171116837,278.112795128145,457.6124282941917
tdmpc_glass_mppi,2916388,368.0414438154504,277.97617755999033,458.1067100709105
tdmpc_glass_mppi,2929766,368.22027591973244,277.8294338960182,458.6111179434467
tdmpc_glass_mppi,2943144,368.3991080240145,277.67267314997264,459.1255428980563
tdmpc_glass_mppi,2956522,368.5779401282965,277.5060060582439,459.64987419834915
tdmpc_glass_mppi,2969900,368.7567722325785,277.3295449276076,460.18399953754937
tdmpc_glass_mppi,2983278,368.9356043368606,277.1434034851642,460.727805188557
tdmpc_glass_mppi,2996656,369.11443644114263,276.9476967308216,461.2811761514637
tdmpc_glass_mppi,3010033,368.935190039812,277.16966089331333,460.7007191863107
tdmpc_glass_mppi,3023411,368.6335191682955,277.52916657411714,459.73787176247384
tdmpc_glass_mppi,3036789,368.3318482967791,277.88015019247075,458.7835464010875
tdmpc_glass_mppi,3050167,368.03017742526265,278.22242595256085,457.83792889796445
tdmpc_glass_mppi,3063545,367.72850655374623,278.5558052069031,456.9012079005894
tdmpc_glass_mppi,3076923,367.42683568222975,278.88009654020897,455.97357482425053
tdmpc_glass_mppi,3090301,367.1251648107133,279.19510586521983,455.0552237562067
tdmpc_glass_mppi,3103679,366.82349393919685,279.5006365311167,454.146351347277
tdmpc_glass_mppi,3117057,366.52182306768043,279.7964894451055,453.24715669025534
tdmpc_glass_mppi,3130435,366.22015219616395,280.0824632077599,452.35784118456803
tdmpc_glass_mppi,3143813,365.91848132464753,280.358354262679,451.4786083866161
tdmpc_glass_mppi,3157191,365.61681045313105,280.62395706098715,450.60966384527495
tdmpc_glass_mppi,3170569,365.3151395816146,280.8790642411666,449.75121492206256
tdmpc_glass_mppi,3183946,365.0134687100982,281.12346682466364,448.9034705955328
tdmpc_glass_mppi,3197324,364.7117978385817,281.35695442765734,448.066641249506
tdmpc_glass_mppi,3210702,364.4101269670652,281.5793154893169,447.2409384448135
tdmpc_glass_mppi,3224080,364.10845609554883,281.7903375167941,446.42657467430354
tdmpc_glass_mppi,3237458,363.8067852240323,281.9898073471231,445.6237631009415
tdmpc_glass_mppi,3250836,363.5182034376885,282.12116331593194,444.91524355944506
tdmpc_glass_mppi,3264214,363.48179450627777,281.13768569491623,445.8259033176393
tdmpc_glass_mppi,3277592,363.4453855748671,280.11032690309855,446.7804442466356
tdmpc_glass_mppi,3290970,363.4089766434564,279.04063314749743,447.7773201394154
tdmpc_glass_mppi,3304348,363.3725677120456,277.9301403283833,448.81499509570796
tdmpc_glass_mppi,3317726,363.33615878063495,276.7803672776515,449.89195028361837
tdmpc_glass_mppi,3331104,363.2997498492242,275.59280986874876,451.00668982969967
tdmpc_glass_mppi,3344482,363.2633409178135,274.3689359684311,452.15774586719584
tdmpc_glass_mppi,3357860,363.22693198640275,273.110181188307,453.34368278449847
tdmpc_glass_mppi,3371237,363.190523054992,271.81794538508797,454.56310072489606
tdmpc_glass_mppi,3384615,363.1541141235813,270.49358985237683,455.81463839478573
tdmpc_glass_mppi,3397993,363.1177051921706,269.138435143284,457.0969752410572
tdmpc_glass_mppi,3411371,363.0812962607599,267.75375946176416,458.4088330597557
tdmpc_glass_mppi,3424749,363.04488732934925,266.3407975609145,459.748977097784
tdmpc_glass_mppi,3438127,363.00847839793846,264.9007400881887,461.11621670768824
tdmpc_glass_mppi,3451505,362.9720694665278,263.43473332022313,462.50940561283244
tdmpc_glass_mppi,3464883,362.93566053511705,261.94387923343976,463.92744183679434
tdmpc_glass_mppi,3478261,362.8992516037064,260.42923586054155,465.3692673468712
tdmpc_glass_mppi,3491639,362.8628426722956,258.8918178872222,466.83386745736897
tdmpc_glass_mppi,3505017,363.0245514389486,258.2436184458779,467.8054844320193
tdmpc_glass_mppi,3518395,363.5198479407647,259.1161512311996,467.9235446503298
tdmpc_glass_mppi,3531773,364.01514444258066,259.9790535871454,468.0512352980159
tdmpc_glass_mppi,3545151,364.5104409443967,260.8322230754974,468.188658813296
tdmpc_glass_mppi,3558528,365.0057374462127,261.67555856997865,468.3359163224468
tdmpc_glass_mppi,3571906,365.50103394802875,262.508960375102,468.4931075209555
tdmpc_glass_mppi,3585284,365.9963304498447,263.3323303463965,468.66033055329297
tdmpc_glass_mppi,3598662,366.49162695166075,264.14557201174864,468.83768189157286
tdmpc_glass_mppi,3612040,366.9869234534768,264.94859069358097,469.0252562133726
tdmpc_glass_mppi,3625418,367.48221995529286,265.74129363157607,469.22314627900965
tdmpc_glass_mppi,3638796,367.97751645710883,266.5235901056376,469.4314428085801
tdmpc_glass_mppi,3652174,368.47281295892486,267.2953915587697,469.65023435908
tdmpc_glass_mppi,3665552,368.96810946074083,268.05661171953983,469.87960720194184
tdmpc_glass_mppi,3678930,369.4634059625569,268.807166723783,470.11964520133085
tdmpc_glass_mppi,3692308,369.95870246437283,269.5469752351931,470.3704296935526
tdmpc_glass_mppi,3705686,370.4539989661889,270.27595856444157,470.6320393679363
tdmpc_glass_mppi,3719064,370.9492954680049,270.994040786452,470.9045501495578
tdmpc_glass_mppi,3732441,371.4445919698209,271.70114885546326,471.1880350841786
tdmpc_glass_mppi,3745819,371.9398884716369,272.39721271750045,471.48256422577333
tdmpc_glass_mppi,3759197,371.8956392894347,272.6663072305226,471.12497134834683
tdmpc_glass_mppi,3772575,371.5936593289106,272.7208614736925,470.46645718412867
tdmpc_glass_mppi,3785953,371.29167936838644,272.7584445544263,469.82491418234656
tdmpc_glass_mppi,3799331,370.9896994078623,272.77888043963264,469.20051837609196
tdmpc_glass_mppi,3812709,370.68771944733817,272.78199972555205,468.5934391691243
tdmpc_glass_mppi,3826087,370.385739486814,272.7676400462148,468.00383892741314
tdmpc_glass_mppi,3839465,370.08375952628984,272.73564647384455,467.4318725787351
tdmpc_glass_mppi,3852843,369.7817795657657,272.68587190909955,466.87768722243186
tdmpc_glass_mppi,3866221,369.4797996052415,272.6181774590313,466.3414217514517
tdmpc_glass_mppi,3879599,369.17781964471743,272.53243280063805,465.8232064887968
tdmpc_glass_mppi,3892977,368.87583968419324,272.42851652791535,465.3231628404711
tdmpc_glass_mppi,3906355,368.5738597236691,272.30631648034927,464.84140296698894
tdmpc_glass_mppi,3919732,368.2718797631449,272.1657300508575,464.3780294754323
tdmpc_glass_mppi,3933110,367.9698998026208,272.0066644712714,463.93313513397015
tdmpc_glass_mppi,3946488,367.6679198420966,271.82903707355376,463.5068026106394
tdmpc_glass_mppi,3959866,367.36593988157244,271.63277552507463,463.09910423807025
tdmpc_glass_mppi,3973244,367.0639599210483,271.41781803640583,462.7101018056908
tdmpc_glass_mppi,3986622,366.76197996052423,271.18411354026307,462.3398463807854
tdmpc_glass_mppi,4000000,366.46,270.9316218403943,461.98837815960565
official_tdmpc2,0,0.0,0.0,0.0
official_tdmpc2,13378,1.8238573021181714,-2.4146145640428944,6.062329168279238
official_tdmpc2,26756,3.647714604236343,-4.829229128085789,12.124658336558475
official_tdmpc2,40134,5.471571906354513,-7.243843692128682,18.18698750483771
official_tdmpc2,53512,7.295429208472686,-9.658458256171578,24.24931667311695
official_tdmpc2,66890,9.119286510590857,-12.07307282021447,30.311645841396185
official_tdmpc2,80268,10.943143812709026,-14.487687384257365,36.37397500967542
official_tdmpc2,93645,12.7670011148272,-16.902301948300256,42.43630417795466
official_tdmpc2,107023,24.37915273132663,-5.566164010461009,54.32446947311427
official_tdmpc2,120401,44.84738015607581,12.615330102823535,77.07943020932808
official_tdmpc2,133779,65.31560758082499,24.880375412388453,105.75083974926153
official_tdmpc2,147157,85.78383500557413,33.9665517459705,137.60111826517777
official_tdmpc2,160535,106.25206243032328,41.52978201386034,170.97434284678621
official_tdmpc2,173913,126.72028985507247,48.318528304587105,205.12205140555784
official_tdmpc2,187291,147.1885172798216,54.67571416510842,239.7013203945348
official_tdmpc2,200669,167.25607580824973,61.04735721516545,273.464794401334
official_tdmpc2,214047,179.71092530657748,71.5342274704618,287.88762314269314
official_tdmpc2,227425,192.16577480490523,80.15955575995594,304.1719938498545
official_tdmpc2,240803,204.62062430323297,87.10518976273698,322.13605884372896
official_tdmpc2,254181,217.07547380156075,92.59394623134015,341.5570013717813
official_tdmpc2,267559,229.53032329988855,96.85510648202472,362.2055401177524
official_tdmpc2,280936,241.98517279821624,100.10118952457006,383.86915607186245
official_tdmpc2,294314,254.44002229654402,102.5166687198045,406.36337587328353
official_tdmpc2,307692,261.71025641025636,104.13515557542081,419.2853572450919
official_tdmpc2,321070,265.14838350055743,105.5332076433292,424.76355935778565
official_tdmpc2,334448,268.5865105908584,106.92941139563035,430.2436097860864
official_tdmpc2,347826,272.02463768115945,108.3238359972512,435.7254393650677
official_tdmpc2,361204,275.46276477146046,109.71654726062457,441.20898228229635
official_tdmpc2,374582,278.9008918617614,111.10760784299936,446.69417588052346
official_tdmpc2,387960,282.3390189520624,112.4970774302194,452.18096047390543
official_tdmpc2,401338,285.6719063545151,115.4856461253587,455.8581665836715
official_tdmpc2,414716,288.05763656633223,132.6497091001203,443.4655640325442
official_tdmpc2,428094,290.44336677814937,149.30523340094769,431.581500155351
official_tdmpc2,441472,292.82909698996656,165.28142161970237,420.37677236023075
official_tdmpc2,454849,295.21482720178375,180.33691671932428,410.0927376842432
official_tdmpc2,468227,297.60055741360094,194.13294331830173,401.06817150890015
official_tdmpc2,481605,299.9862876254181,206.20863548146806,393.7639397693681
official_tdmpc2,494983,302.3720178372352,215.9831473619838,388.7608883124866
official_tdmpc2,508361,307.8235228539576,230.5087903443112,385.13825536360406
official_tdmpc2,521739,315.1144927536232,248.99547635993628,381.23350914731014
official_tdmpc2,535117,322.40546265328874,267.39503244231406,377.4158928642634
official_tdmpc2,548495,329.6964325529543,285.64149897654545,373.7513661293632
official_tdmpc2,561873,336.9874024526198,303.583906375944,370.39089852929555
official_tdmpc2,575251,344.27837235228543,320.8046303164576,367.7521143881133
official_tdmpc2,588629,351.5693422519509,335.8688257801243,367.2698587237775
official_tdmpc2,602007,357.30780379041244,346.0453884867769,368.57021909404796
official_tdmpc2,615385,354.24871794871797,348.0558804026629,360.441555494773
official_tdmpc2,628763,351.18963210702344,327.63164473998285,374.74761947406404
official_tdmpc2,642140,348.13054626532886,307.18271855477764,389.0783739758801
official_tdmpc2,655518,345.07146042363433,286.73117662972487,403.4117442175438
official_tdmpc2,668896,342.0123745819398,266.2788210827916,417.74592808108804
official_tdmpc2,682274,338.9532887402452,245.8261077908772,432.08046968961327
official_tdmpc2,695652,335.89420289855076,225.37320565794533,446.4152001391562
official_tdmpc2,709030,336.1732441471572,233.6367736967331,438.70971459758135
official_tdmpc2,722408,338.0595317725752,255.53259819031973,420.5864653548307
official_tdmpc2,735786,339.9458193979933,276.9991737301778,402.89246506580884
official_tdmpc2,749164,341.8321070234113,297.4645053815694,386.19970866525324
official_tdmpc2,762542,343.7183946488294,314.9207143542468,372.51607494341204
official_tdmpc2,775920,345.6046822742475,322.26486339043913,368.9445011580559
official_tdmpc2,789298,347.4909698996655,314.1022541263817,380.87968567294934
official_tdmpc2,802676,348.54515050167225,298.374950318598,398.7153506847465
official_tdmpc2,816054,346.27090301003346,278.61970958288435,413.9220964371826
official_tdmpc2,829431,343.9966555183946,258.487627728447,429.5056833083422
official_tdmpc2,842809,341.7224080267559,238.17348929361233,445.27132675989947
official_tdmpc2,856187,339.4481605351171,217.7582341493189,461.13808692091527
official_tdmpc2,869565,337.1739130434783,197.2811946035414,477.0666314834152
official_tdmpc2,882943,334.8996655518395,176.76370494513066,493.0356261585484
official_tdmpc2,896321,332.6254180602007,156.2183142427683,509.03252187763303
official_tdmpc2,909699,332.55284280936456,175.09857402802382,490.00711159070534
official_tdmpc2,923077,333.3153846153846,206.73661515795132,459.89415407281786
official_tdmpc2,936455,334.0779264214047,233.67147369068476,434.48437915212463
official_tdmpc2,949833,334.84046822742476,251.35598239148388,418.3249540633657
official_tdmpc2,963211,335.60301003344483,253.83017986759194,417.3758401992977
official_tdmpc2,976589,336.3655518394649,240.27775404967116,432.45334962925864
official_tdmpc2,989967,337.12809364548497,216.26508537757866,457.9911019133913
official_tdmpc2,1003344,338.24738015607585,198.22965322282917,478.26510708932256
official_tdmpc2,1016722,340.43690078037906,212.95787427149443,467.91592728926366
official_tdmpc2,1030100,342.6264214046823,227.60274065458037,457.6501021547842
official_tdmpc2,1043478,344.8159420289855,242.13391508902595,447.49796896894503
official_tdmpc2,1056856,347.00546265328876,256.50487276988184,437.5060525366957
official_tdmpc2,1070234,349.194983277592,270.64104339206233,427.7489231631216
official_tdmpc2,1083612,351.3845039018952,284.4166551729491,418.35235263084127
official_tdmpc2,1096990,353.57402452619846,297.60733224609896,409.54071680629795
official_tdmpc2,1110368,352.5322185061315,314.2578021281126,390.80663488415047
official_tdmpc2,1123746,350.55228539576365,324.6088237889061,376.4957470026212
official_tdmpc2,1137124,348.57235228539577,316.36206824723655,380.782636323555
official_tdmpc2,1150502,346.5924191750278,296.0132876868819,397.1715506631738
official_tdmpc2,1163880,344.61248606466,272.2571017938585,416.9678703354615
official_tdmpc2,1177258,342.6325529542921,247.40303195129977,437.86207395728445
official_tdmpc2,1190635,340.65261984392424,222.08479682879369,459.2204428590548
official_tdmpc2,1204013,340.4078037904125,210.52730606870992,470.28830151211514
official_tdmpc2,1217391,344.21159420289854,231.5353498936119,456.88783851218517
official_tdmpc2,1230769,348.0153846153846,252.46775320569543,443.5630160250738
official_tdmpc2,1244147,351.81917502787064,273.2750142168682,430.36333583887307
official_tdmpc2,1257525,355.6229654403567,293.85370107567184,417.3922298050416
official_tdmpc2,1270903,359.42675585284275,313.9501647762125,404.903346929473
official_tdmpc2,1284281,363.23054626532877,332.7802565311616,393.6808359994959
official_tdmpc2,1297659,367.0343366778149,347.21663128628813,386.8520420693417
official_tdmpc2,1311037,364.99966555183954,343.1030996092301,386.89623149444895
official_tdmpc2,1324415,361.72653288740247,336.3323625335825,387.12070324122243
official_tdmpc2,1337793,358.45340022296546,329.55850712969044,387.3482933162405
official_tdmpc2,1351171,355.1802675585284,322.78254423083246,387.5779908862243
official_tdmpc2,1364548,351.90713489409137,316.00509069327677,387.80917909490597
official_tdmpc2,1377926,348.63400222965447,309.2265441815928,388.0414602777161
official_tdmpc2,1391304,345.3608695652174,302.44717253436943,388.27456659606537
official_tdmpc2,1404682,343.39096989966555,297.2355703910418,389.5463694082893
official_tdmpc2,1418060,343.84136008918614,293.51399651222175,394.1687236661505
official_tdmpc2,1431438,344.2917502787068,288.081302794243,400.50219776317056
official_tdmpc2,1444816,344.74214046822743,281.41257747283146,408.0717034636234
official_tdmpc2,1458194,345.192530657748,273.87702776419485,416.5080335513012
official_tdmpc2,1471572,345.64292084726867,265.73411896836814,425.5517227261692
official_tdmpc2,1484950,346.0933110367893,257.1597372669759,435.0268848066027
official_tdmpc2,1498328,346.5437012263099,248.27268449091287,444.81471796170695
official_tdmpc2,1511706,349.6746934225195,261.6192314420076,437.7301554030314
official_tdmpc2,1525084,353.1886287625418,278.16210502028815,428.2151525047954
official_tdmpc2,1538462,356.7025641025641,294.7048906134457,418.70023759168254
official_tdmpc2,1551839,360.2164994425864,311.2475179925844,409.1854808925884
official_tdmpc2,1565217,363.73043478260865,327.78981509667676,399.67105446854055
official_tdmpc2,1578595,367.244370122631,344.33121853805386,390.1575217072081
official_tdmpc2,1591973,370.75830546265325,360.86819622980363,380.6484146955029
official_tdmpc2,1605351,372.7418060200669,369.325439103841,376.15817293629283
official_tdmpc2,1618729,372.4296544035674,365.56331831854266,379.2959904885921
official_tdmpc2,1632107,372.11750278706796,361.74650451849254,382.4885010556434
official_tdmpc2,1645485,371.8053511705686,357.91633880578416,385.69436353535303
official_tdmpc2,1658863,371.4931995540691,354.08091224368036,388.9054868644579
official_tdmpc2,1672241,371.1810479375697,350.24288040031905,392.11921547482035
official_tdmpc2,1685619,370.8688963210702,346.40336963995264,395.3344230021878
official_tdmpc2,1698997,370.5567447045708,342.5629390097562,398.55055039938543
official_tdmpc2,1712375,370.9416945373467,344.122577518018,397.7608115566754
official_tdmpc2,1725753,371.38316610925307,346.1196416383884,396.64669058011776
official_tdmpc2,1739130,371.8246376811594,348.1161515509586,395.5331238113602
official_tdmpc2,1752508,372.26610925306585,350.11199055282674,394.42022795330496
official_tdmpc2,1765886,372.7075808249721,352.1070067775079,393.3081548724364
official_tdmpc2,1779264,373.14905239687846,354.10099890870697,392.19710588504995
official_tdmpc2,1792642,373.5905239687848,356.09369433613875,391.08735360143083
official_tdmpc2,1806020,373.92965440356744,357.5865731644578,390.2727356426771
official_tdmpc2,1819398,374.14370122630993,358.3025422842676,389.98486016835227
official_tdmpc2,1832776,374.3577480490524,358.77033122728966,389.9451648708152
official_tdmpc2,1846154,374.5717948717949,358.97782026513653,390.1657694784533
official_tdmpc2,1859532,374.78584169453734,358.92533227017594,390.64635111889874
official_tdmpc2,1872910,374.99988851727977,358.6255577316624,391.37421930289713
official_tdmpc2,1886288,375.2139353400223,358.1007564283536,392.32711425169106
official_tdmpc2,1899666,375.4279821627647,357.37854143574583,393.47742288978355
official_tdmpc2,1913043,375.37681159420293,359.1130881992318,391.64053498917406
official_tdmpc2,1926421,375.3188405797102,360.43552701003284,390.2021541493875
official_tdmpc2,1939799,375.26086956521743,361.133544149333,389.3881949811019
official_tdmpc2,1953177,375.2028985507247,361.1063173890746,389.29947971237476
official_tdmpc2,1966555,375.14492753623193,360.3493250160428,389.94053005642104
official_tdmpc2,1979933,375.0869565217392,358.95716781042614,391.2167452330522
official_tdmpc2,1993311,375.0289855072463,357.0708594843139,392.9871115301787
official_tdmpc2,2006689,373.86510590858416,355.97296691421445,391.75724490295386
official_tdmpc2,2020067,371.5953177257525,352.57702736790674,390.6136080835983
official_tdmpc2,2033445,369.32552954292095,345.46854460231623,393.18251448352567
official_tdmpc2,2046823,367.05574136008926,336.3554201116629,397.7560626085156
official_tdmpc2,2060201,364.78595317725757,326.29235174745713,403.279554607058
official_tdmpc2,2073579,362.51616499442594,315.75187723875155,409.2804527501003
official_tdmpc2,2086957,360.24637681159425,304.94779184295214,415.54496178023635
official_tdmpc2,2100334,358.0181716833891,294.62058304340894,421.4157603233692
official_tdmpc2,2113712,357.41170568561876,308.88292994760684,405.9404814236307
official_tdmpc2,2127090,356.80523968784837,322.69358535363756,390.9168940220592
official_tdmpc2,2140468,356.19877369007804,335.10510388789555,377.29244349226053
official_tdmpc2,2153846,355.5923076923077,341.48359026120505,369.7010251234104
official_tdmpc2,2167224,354.9858416945373,334.3474317049508,375.62425168412386
official_tdmpc2,2180602,354.37937569676706,320.82930738437443,387.9294440091597
official_tdmpc2,2193980,353.77290969899667,305.834978390329,401.7108410076643
official_tdmpc2,2207358,353.5515050167224,307.860643558437,399.24236647500777
official_tdmpc2,2220736,353.6451505016723,323.13062358829296,384.1596774150516
official_tdmpc2,2234114,353.73879598662205,334.3598041709038,373.11778780234033
official_tdmpc2,2247492,353.8324414715719,333.3170391128761,374.34784383026766
official_tdmpc2,2260870,353.9260869565217,321.2588926603495,386.59328125269394
official_tdmpc2,2274247,354.0197324414716,305.91217719774977,402.12728768519344
official_tdmpc2,2287625,354.11337792642144,289.596282525506,418.63047332733686
official_tdmpc2,2301003,354.2133779264214,274.7394254543251,433.6873303985177
official_tdmpc2,2314381,354.39175027870675,282.46146570976225,426.32203484765125
official_tdmpc2,2327759,354.5701226309922,290.06405918338453,419.0761860785999
official_tdmpc2,2341137,354.74849498327757,297.5007153621482,411.99627460440695
official_tdmpc2,2354515,354.926867335563,304.6994446633105,405.15429000781546
official_tdmpc2,2367893,355.1052396878484,311.5450586534455,398.66542072225127
official_tdmpc2,2381271,355.28361204013373,317.8484090634176,392.7188150168499
official_tdmpc2,2394649,355.4619843924192,323.29819825379656,387.62577053104184
official_tdmpc2,2408027,357.0450390189521,330.00580323682294,384.0842748010812
official_tdmpc2,2421405,359.5645484949833,337.959521170692,381.16957581927454
official_tdmpc2,2434783,362.0840579710145,345.54017642562826,378.6279395164007
official_tdmpc2,2448161,364.60356744704563,352.27925390045186,376.9278809936394
official_tdmpc2,2461538,367.12307692307695,357.05613751209734,377.19001633405657
official_tdmpc2,2474916,369.6425863991082,358.594341709724,380.6908310884924
official_tdmpc2,2488294,372.1620958751393,357.5316471728175,386.7925445774611
official_tdmpc2,2501672,374.36109253065774,355.8408875677511,392.8812974935644
official_tdmpc2,2515050,374.31649944258635,357.8935799584904,390.7394189266823
official_tdmpc2,2528428,374.27190635451507,359.83694338580847,388.70686932322167
official_tdmpc2,2541806,374.2273132664438,361.6191569203095,386.8354696125781
official_tdmpc2,2555184,374.1827201783724,363.1598060444871,385.2056343122577
official_tdmpc2,2568562,374.138127090301,364.3409211329245,383.9353330476775
official_tdmpc2,2581940,374.09353400222966,365.0156800623768,383.1713879420825
official_tdmpc2,2595318,374.0489409141583,365.0616610838006,383.0362207445161
official_tdmpc2,2608696,374.62753623188405,364.74432541328036,384.51074705048774
official_tdmpc2,2622074,375.5416945373467,364.47125339801056,386.61213567668284
official_tdmpc2,2635452,376.4558528428094,364.19817526775813,388.7135304178607
official_tdmpc2,2648829,377.370011148272,363.92509264245024,390.81492965409376
official_tdmpc2,2662207,378.28416945373465,363.6520066162615,392.9163322912078
official_tdmpc2,2675585,379.1983277591973,363.3789179548988,395.0177375634958
official_tdmpc2,2688963,380.1124860646599,363.10582721025196,397.1191449190678
official_tdmpc2,2702341,380.70200668896314,363.5719748685163,397.83203850941
official_tdmpc2,2715719,379.7610925306578,367.36404818543315,392.1581368758824
official_tdmpc2,2729097,378.8201783723523,370.5455457084418,387.0948110362628
official_tdmpc2,2742475,377.87926421404677,371.7321915900174,384.02633683807613
official_tdmpc2,2755853,376.9383500557414,369.0873898046146,384.78931030686823
official_tdmpc2,2769231,375.99743589743593,364.16431412920826,387.8305576656636
official_tdmpc2,2782609,375.0565217391304,358.5355628203544,391.5774806579064
official_tdmpc2,2795987,374.11560758082504,352.6587784742839,395.5724366873662
official_tdmpc2,2809365,376.208807134894,362.15130481778704,390.266309452001
official_tdmpc2,2822742,379.6023411371237,377.30590831585675,381.8987739583906
official_tdmpc2,2836120,382.99587513935336,371.13462393698245,394.85712634172427
official_tdmpc2,2849498,386.389409141583,361.81583796145316,410.9629803217128
official_tdmpc2,2862876,389.78294314381264,352.4360963548251,427.1297899328002
official_tdmpc2,2876254,393.1764771460424,343.0419683353306,443.31098595675417
official_tdmpc2,2889632,396.570011148272,333.64222375368297,459.497798542861
official_tdmpc2,2903010,399.12173913043483,325.6650512412599,472.57842701960976
official_tdmpc2,2916388,398.7739130434782,322.5958415679635,474.95198451899296
official_tdmpc2,2929766,398.4260869565217,319.5254113060722,477.3267626069712
official_tdmpc2,2943144,398.0782608695652,316.4538825947258,479.7026391444046
official_tdmpc2,2956522,397.7304347826087,313.38136184343216,482.07950772178526
official_tdmpc2,2969900,397.38260869565215,310.3079421793179,484.4572752119864
official_tdmpc2,2983278,397.03478260869565,307.2337054522887,486.8358597651026
official_tdmpc2,2996656,396.68695652173915,304.1587238883482,489.2151891551301
official_tdmpc2,3010033,396.75384615384615,300.6750275717427,492.8326647359496
official_tdmpc2,3023411,396.95897435897433,297.0529803192802,496.86496839866845
official_tdmpc2,3036789,397.1641025641026,293.42861468911735,500.8995904390879
official_tdmpc2,3050167,397.36923076923085,289.8021782906104,504.9362832478513
official_tdmpc2,3063545,397.574358974359,286.1738847927354,508.97483315598254
official_tdmpc2,3076923,397.7794871794872,282.5439195299196,513.0150548290549
official_tdmpc2,3090301,397.9846153846154,278.91244403538394,517.0567867338468
official_tdmpc2,3103679,398.1713489409142,276.683239340233,519.6594585415953
official_tdmpc2,3117057,398.30958751393536,278.11380723695925,518.5053677909115
official_tdmpc2,3130435,398.4478260869566,279.4796711528721,517.415981021041
official_tdmpc2,3143813,398.5860646599777,280.778808302677,516.3933210172784
official_tdmpc2,3157191,398.72430323299886,282.0092275896425,515.4393788763552
official_tdmpc2,3170569,398.8625418060201,283.16898284779944,514.5561007642407
official_tdmpc2,3183946,399.00078037904126,284.2561867966449,513.7453739614376
official_tdmpc2,3197324,399.1390189520624,285.2690255457896,513.0090123583351
official_tdmpc2,3210702,399.59476031215166,261.0567733497792,538.1327472745241
official_tdmpc2,3224080,400.1298773690078,230.41924046285942,569.8405142751561
official_tdmpc2,3237458,400.664994425864,199.6997802140673,601.6302086376606
official_tdmpc2,3250836,401.20011148272016,168.93146322408273,633.4687597413576
official_tdmpc2,3264214,401.7352285395764,138.13169441836288,665.3387626607898
official_tdmpc2,3277592,402.2703455964326,107.31049742198707,697.2301937708781
official_tdmpc2,3290970,402.80546265328877,76.47404910934489,729.1368761972326
official_tdmpc2,3304348,403.2797101449275,60.66513414411804,745.8942861457369
official_tdmpc2,3317726,403.62753623188405,75.60573452328777,731.6493379404803
official_tdmpc2,3331104,403.9753623188406,89.74148925964505,718.2092353780362
official_tdmpc2,3344482,404.3231884057971,102.9619078253254,705.6844689862688
official_tdmpc2,3357860,404.6710144927536,115.14487446026618,694.1971545252411
official_tdmpc2,3371237,405.0188405797101,126.15826616157716,683.879414997843
official_tdmpc2,3384615,405.3666666666666,135.86318980374955,674.8701435295836
official_tdmpc2,3397993,405.71449275362323,144.1191984701042,667.3097870371423
official_tdmpc2,3411371,405.3118171683389,145.74905920645978,664.8745751302181
official_tdmpc2,3424749,404.77670011148274,144.83086379106453,664.722536431901
official_tdmpc2,3438127,404.2415830546265,142.26046690551527,666.2226992037378
official_tdmpc2,3451505,403.7064659977704,138.07584367418684,669.337088321354
official_tdmpc2,3464883,403.17134894091413,132.34224283863023,674.000455043198
official_tdmpc2,3478261,402.63623188405796,125.14670630304101,680.1257574650749
official_tdmpc2,3491639,402.1011148272018,116.59152864652492,687.6107010078787
official_tdmpc2,3505017,404.34860646599765,112.49851575006608,696.1986971819292
official_tdmpc2,3518395,411.233779264214,117.19791557660545,705.2696429518226
official_tdmpc2,3531773,418.11895206243025,121.3907340739525,714.8471700509081
official_tdmpc2,3545151,425.0041248606464,125.09061382922175,724.9176358920711
official_tdmpc2,3558528,431.88929765886274,128.31307102005832,735.4655242976671
official_tdmpc2,3571906,438.77447045707913,131.07515425083153,746.4737866633268
official_tdmpc2,3585284,445.6596432552954,133.3950990947243,757.9241874158665
official_tdmpc2,3598662,452.54481605351157,135.29199192375626,769.7976401832668
official_tdmpc2,3612040,452.20590858416944,135.2513785081366,769.1604386602023
official_tdmpc2,3625418,451.0643255295429,135.01914155677463,767.1095095023111
official_tdmpc2,3638796,449.92274247491645,134.78545864906505,765.0600263007678
official_tdmpc2,3652174,448.7811594202899,134.55031725169982,763.0120015888799
official_tdmpc2,3665552,447.63957636566334,134.3137047065875,760.9654480247392
official_tdmpc2,3678930,446.49799331103685,134.07560822963802,758.9203783924356
official_tdmpc2,3692308,445.3564102564103,133.83601490953743,756.8768056032832
official_tdmpc2,3705686,443.48706800445933,134.41017981073452,752.5639561981841
official_tdmpc2,3719064,440.6331103678929,135.8821539142058,745.3840668215801
official_tdmpc2,3732441,437.77915273132675,137.0568095451784,738.501495917475
official_tdmpc2,3745819,434.92519509476034,137.9220477860029,731.9283424035177
official_tdmpc2,3759197,432.071237458194,138.46610991567843,725.6763650007096
official_tdmpc2,3772575,429.21727982162776,138.67772672219917,719.7568329210563
official_tdmpc2,3785953,426.3633221850614,138.54627526256945,714.1803691075534
official_tdmpc2,3799331,423.50936454849506,138.06193914206096,708.9567899549291
official_tdmpc2,3812709,424.61215161649943,128.07649430769953,721.1478089252994
official_tdmpc2,3826087,425.923188405797,117.59948869694722,734.2468881146468
official_tdmpc2,3839465,427.2342251950947,107.1211802676712,747.3472701225182
official_tdmpc2,3852843,428.5452619843924,96.64170784972663,760.4488161190582
official_tdmpc2,3866221,429.85629877369,86.16119123547998,773.5514063119001
official_tdmpc2,3879599,431.1673355629876,75.6797343331512,786.654936792824
official_tdmpc2,3892977,432.47837235228536,65.19742771378759,799.7593169907832
official_tdmpc2,3906355,434.1833890746934,64.88804321036804,803.4787349390188
official_tdmpc2,3919732,436.3238573021181,75.71649640780976,796.9312181964265
official_tdmpc2,3933110,438.4643255295429,86.39163110616141,790.5370199529244
official_tdmpc2,3946488,440.60479375696764,96.90202571574662,784.3075617981887
official_tdmpc2,3959866,442.74526198439236,107.2353507550352,778.2551732137495
official_tdmpc2,3973244,444.8857302118172,117.37831734862641,772.393143075008
official_tdmpc2,3986622,447.0261984392419,127.31663086137638,766.7357660171074
official_tdmpc2,4000000,449.1666666666667,137.03495265063327,761.2983806827001
