training/bc/bc_log_prob,training/bc/bc_loss,training/bc/mse,training/bc/std,training/flow_occupancy/current_flow_matching_loss,training/flow_occupancy/flow_future_obs_max,training/flow_occupancy/flow_future_obs_min,training/flow_occupancy/flow_matching_loss,training/flow_occupancy/future_flow_matching_loss,training/flow_occupancy/kl_loss,training/flow_occupancy/neg_elbo_loss,training/grad/max,training/grad/min,training/grad/norm,validation/bc/bc_log_prob,validation/bc/bc_loss,validation/bc/mse,validation/bc/std,validation/flow_occupancy/current_flow_matching_loss,validation/flow_occupancy/flow_future_obs_max,validation/flow_occupancy/flow_future_obs_min,validation/flow_occupancy/flow_matching_loss,validation/flow_occupancy/future_flow_matching_loss,validation/flow_occupancy/kl_loss,validation/flow_occupancy/neg_elbo_loss,time/epoch_time,time/total_time,step
-4.6402817,4.6402817,0.018235622,1.0,1.206746,9.392999,-7.601742,0.012563126,0.00050067424,0.25918853,0.015155012,0.019246792,-0.05301892,0.37792388,-4.6499577,4.6499577,0.022106057,1.0,1.2108395,3.6296823,-3.6876173,0.012593169,0.0004896715,0.27583838,0.0153515525,0.007755172872543335,38.77590322494507,5000
-4.643218,4.643218,0.019410014,1.0,0.93916553,6.7624483,-4.8660803,0.010597977,0.0012185078,0.3965704,0.014563682,0.015024285,-0.028691232,0.38175434,-4.6379995,4.6379995,0.01732267,1.0,1.0047178,5.088246,-3.4757903,0.011347344,0.0013133005,0.40242028,0.015371547,0.002474607849121094,51.14894676208496,10000
-4.641043,4.641043,0.018540366,1.0,1.0482018,3.8709831,-3.401138,0.01147813,0.0010061746,0.5191156,0.016669286,0.029157983,-0.03299681,0.4815865,-4.637841,4.637841,0.017259464,1.0,1.2370851,3.6983428,-3.6037402,0.013564837,0.0012060464,0.5394896,0.018959733,0.0024278029441833497,63.287965059280396,15000
-4.631647,4.631647,0.014781981,1.0,1.0630563,6.049336,-4.283054,0.013533806,0.0029325697,0.52540135,0.01878782,0.019784696,-0.04117373,0.58761305,-4.6463304,4.6463304,0.020655112,1.0,1.2386036,4.027194,-4.2063236,0.015921958,0.0035716374,0.5210288,0.021132246,0.002427389907836914,75.42491817474365,20000
-4.634329,4.634329,0.015854402,1.0,1.1233097,5.1389356,-5.421591,0.014131956,0.00292814,0.6385422,0.020517377,0.04870241,-0.014570186,0.72198,-4.643858,4.643858,0.019666256,1.0,1.3732646,6.4437265,-5.2174296,0.016562723,0.0028586644,0.6438544,0.023001267,0.002480860376358032,87.8292236328125,25000
-4.6398253,4.6398253,0.01805321,1.0,3.2550173,5.4578047,-5.421591,0.036319554,0.0038074607,1.3218324,0.04953788,0.04374061,-0.047150895,1.5210605,-4.631975,4.631975,0.014913014,1.0,2.9095507,6.4437265,-5.2174296,0.03288553,0.0038283083,1.3520619,0.046406146,0.0023937843799591066,99.79814910888672,30000
-4.6339474,4.6339474,0.015701884,1.0,3.4596038,5.1174884,-5.421591,0.041096926,0.006566559,1.6649702,0.057746626,0.17038411,-0.17867126,4.9578466,-4.6490755,4.6490755,0.021753116,1.0,4.671088,6.4437265,-5.2174296,0.05500906,0.008381999,1.6806363,0.07181542,0.0023681606292724608,111.63895678520203,35000
-4.638262,4.638262,0.017427737,1.0,4.955789,4.9539866,-5.421591,0.056289032,0.006799137,1.9182705,0.07547174,0.08838437,-0.1386918,3.1546094,-4.634878,4.634878,0.016074253,1.0,4.2407904,6.4437265,-5.2174296,0.049204472,0.0068652215,1.9265485,0.06846996,0.002387012434005737,123.5740225315094,40000
-4.630719,4.630719,0.014410538,1.0,1.899107,14.750955,-5.421591,0.027312627,0.008405616,1.9455769,0.046768397,0.075829074,-0.03524925,1.5506423,-4.6435423,4.6435423,0.019540066,1.0,1.7639003,13.668478,-5.2174296,0.047836132,0.03050215,1.9677968,0.0675141,0.0024046706199645994,135.59737992286682,45000
-4.6453094,4.6453094,0.020246712,1.0,1.782515,12.255306,-5.421591,0.02226068,0.004480333,1.5963067,0.038223747,0.050489016,-0.051682934,1.7950821,-4.63337,4.63337,0.015471064,1.0,1.838376,16.345692,-5.2174296,0.025463536,0.0071512894,1.6087248,0.041550785,0.002419240379333496,147.6935851573944,50000
-4.646327,4.646327,0.02065376,1.0,4.218582,5.5771027,-5.421591,0.06303882,0.021063639,1.5401112,0.07843993,0.2953643,-0.27997112,7.7080216,-4.6306663,4.6306663,0.014389552,1.0,4.11279,6.4437265,-5.2174296,0.05502878,0.014041293,1.530556,0.07033434,0.002385955333709717,159.62336564064026,55000
-4.642048,4.642048,0.018942019,1.0,3.7001383,4.910272,-6.0253325,0.092723,0.056284472,1.9211445,0.11193444,0.42035106,-0.43792468,14.205442,-4.629121,4.629121,0.013771191,1.0,5.1210566,6.4437265,-5.720223,0.098958254,0.04822999,1.9809427,0.11876768,0.0024034228801727295,171.64048409461975,60000
-4.6385293,4.6385293,0.017534574,1.0,4.886894,4.936947,-7.9072447,0.06446935,0.015757997,1.8646891,0.08311624,0.20709231,-0.19469784,5.8858395,-4.631013,4.631013,0.014528091,1.0,4.838786,6.4437265,-6.895197,0.073123924,0.024985924,1.8396366,0.09152029,0.0024555022239685057,183.91799879074097,65000
-4.6304092,4.6304092,0.014286709,1.0,4.6345873,6.210129,-8.380936,0.06492181,0.018763578,1.8705213,0.08362702,0.22874239,-0.173672,6.2572117,-4.6347904,4.6347904,0.016039072,1.0,5.5190935,6.4437265,-8.794714,0.1272389,0.07277572,1.8790078,0.14602898,0.0024159811973571777,195.99790835380554,70000
-4.6457295,4.6457295,0.020414894,1.0,1.5906775,7.130804,-8.340362,0.021810632,0.0059634913,1.8060753,0.039871387,0.04411238,-0.05160479,1.3293173,-4.633349,4.633349,0.01546258,1.0,1.6328876,6.4437265,-7.863278,0.026214931,0.009985916,1.828151,0.04449644,0.002380282974243164,207.89932680130005,75000
-4.6233883,4.6233883,0.011478168,1.0,1.4211597,6.325472,-8.982198,0.021972694,0.007839492,1.5650754,0.037623446,0.20895877,-0.21069968,6.919091,-4.6359034,4.6359034,0.01648423,1.0,1.6667702,6.70978,-7.131109,0.027191479,0.01063008,1.5735991,0.04292747,0.0023916659355163574,219.85766053199768,80000
-4.6292505,4.6292505,0.013823062,1.0,1.2723217,6.62102,-7.9949865,0.01724569,0.004568156,1.334818,0.030593868,0.033573855,-0.03576945,1.0107768,-4.63451,4.63451,0.015926898,1.0,1.3323596,6.464095,-8.443502,0.022659708,0.009430416,1.3409715,0.036069423,0.0024036216259002686,231.8757724761963,85000
-4.621975,4.621975,0.010913107,1.0,0.98909515,6.8733463,-9.692171,0.011925878,0.0020554815,1.321518,0.025141057,0.083089784,-0.06407499,2.3796427,-4.6314836,4.6314836,0.014716411,1.0,1.1646678,6.45295,-7.0092754,0.017589604,0.0060029575,1.3244727,0.030834332,0.002405993461608887,243.90574383735657,90000
-4.627202,4.627202,0.013003728,1.0,1.040627,7.0974436,-7.715046,0.013734642,0.003361993,1.0785906,0.024520548,0.09035912,-0.095311105,2.6735709,-4.658107,4.658107,0.02536571,1.0,1.1928301,6.4437265,-8.178132,0.017790511,0.0059214253,1.0720813,0.028511323,0.002397894048690796,255.8952178955078,95000
-4.6305275,4.6305275,0.014334013,1.0,1.5120263,7.75579,-9.69668,0.018950205,0.0038686283,0.96050847,0.028555289,0.12929901,-0.14258131,4.2342677,-4.643243,4.643243,0.019420063,1.0,1.1653136,7.1755557,-7.8965135,0.017999236,0.006410201,0.9603948,0.027603183,0.002401164150238037,267.9010417461395,100000
-4.6332626,4.6332626,0.015427922,1.0,1.164789,5.690742,-8.568255,0.0152958045,0.0036847624,0.7825947,0.023121752,0.09810586,-0.10014128,2.977327,-4.6392546,4.6392546,0.017824907,1.0,1.0756736,6.4437265,-8.614597,0.018912448,0.008238091,0.78820145,0.026794462,0.002408849334716797,279.94529271125793,105000
-4.627769,4.627769,0.0132305175,1.0,1.3272575,4.8707733,-10.233283,0.015373671,0.0021223205,0.9351534,0.024725206,0.053838994,-0.046692576,1.7604797,-4.6334295,4.6334295,0.015494704,1.0,1.8396966,6.4437265,-8.688712,0.022077244,0.0037174537,0.95123166,0.03158956,0.0024095394611358643,291.9929943084717,110000
-4.632442,4.632442,0.015099633,1.0,1.6521297,4.1960616,-9.445013,0.019089542,0.0025941876,0.992203,0.029011572,0.04585326,-0.08369979,1.5228592,-4.6369667,4.6369667,0.01690953,1.0,2.2396786,6.4437265,-9.721057,0.027525017,0.005180034,0.99943644,0.03751938,0.0023854336738586427,303.9201662540436,115000
-4.6261864,4.6261864,0.012597526,1.0,2.5975928,4.1960616,-10.085626,0.030294783,0.0043624826,1.1605006,0.04189979,0.0985464,-0.09959313,3.014031,-4.6397753,4.6397753,0.018033067,1.0,2.0686128,6.4437265,-11.45552,0.027460745,0.006843047,1.167871,0.039139453,0.002360137939453125,315.72086000442505,120000
-4.6377125,4.6377125,0.017207826,1.0,1.6626805,8.443299,-10.859533,0.028387131,0.011879118,1.2046838,0.04043397,0.1392749,-0.18592082,6.714599,-4.641801,4.641801,0.018843366,1.0,1.2644823,6.4437265,-12.190165,0.026670929,0.014167786,1.1984427,0.038655356,0.00241169695854187,327.77934861183167,125000
-4.6253476,4.6253476,0.012262051,1.0,1.0372362,15.884934,-13.613472,0.01820391,0.007910658,1.1692507,0.029896418,0.05293357,-0.03740854,2.0710766,-4.6436853,4.6436853,0.019597068,1.0,1.4572986,6.4437265,-11.239759,0.027708199,0.0132678915,1.153899,0.03924719,0.002398705768585205,339.77288150787354,130000
-4.6296067,4.6296067,0.013965676,1.0,1.1915723,11.47543,-10.859533,0.016134255,0.004261143,0.9738027,0.02587228,0.097372554,-0.07292241,3.1036415,-4.6290197,4.6290197,0.013730775,1.0,1.1194398,6.4437265,-10.553071,0.017443191,0.0063119116,0.97494304,0.027192622,0.0023805334091186524,351.67555260658264,135000
-4.6314774,4.6314774,0.014714007,1.0,0.9444282,10.19327,-10.583988,0.01196552,0.0025467055,0.8840457,0.020805977,0.030874396,-0.025384469,1.1170864,-4.6375666,4.6375666,0.01714976,1.0,1.1916839,6.4437265,-10.415309,0.018027287,0.0061721713,0.8880819,0.026908107,0.0023901593685150147,363.626353263855,140000
-4.628867,4.628867,0.01366992,1.0,0.78785485,5.526359,-9.53789,0.009511007,0.001648948,0.84694433,0.017980449,0.038438547,-0.03489195,1.3697008,-4.645932,4.645932,0.020495733,1.0,1.0229318,6.4437265,-11.269833,0.01398601,0.003794639,0.844821,0.02243422,0.002391347599029541,375.5830948352814,145000
-4.623243,4.623243,0.011420055,1.0,1.007455,7.8602,-10.859533,0.01226666,0.0022142523,0.8826982,0.02109364,0.051103994,-0.03876882,1.4141848,-4.6341486,4.6341486,0.015782524,1.0,1.127116,6.4437265,-10.670723,0.022187416,0.011026522,0.89152575,0.031102672,0.0023867015838623046,387.51660680770874,150000
-4.621736,4.621736,0.010817444,1.0,0.9531591,4.1960616,-10.520743,0.010900345,0.0013825798,0.80244756,0.018924821,0.095739074,-0.107798114,2.6087646,-4.642984,4.642984,0.019316489,1.0,1.1193467,6.4437265,-10.900554,0.015184455,0.0040313005,0.79603434,0.023144796,0.002412513208389282,399.5791766643524,155000
-4.628565,4.628565,0.013548947,1.0,0.82333827,10.185757,-9.586253,0.010176931,0.0019631805,0.8207321,0.018384252,0.12420001,-0.09539486,2.7456717,-4.640809,4.640809,0.01844645,1.0,1.1186143,7.171611,-11.28765,0.019283965,0.008179621,0.8197072,0.027481038,0.002414628601074219,411.65232396125793,160000
-4.6246777,4.6246777,0.01199415,1.0,0.9901584,4.1960616,-9.1432495,0.012101823,0.0022224654,0.81436366,0.020245459,0.053178173,-0.076415464,1.6180013,-4.6448793,4.6448793,0.020074785,1.0,1.0857158,6.4437265,-10.096809,0.014440061,0.0036190948,0.8090235,0.022530295,0.0024230400085449217,423.7675280570984,165000
-4.625882,4.625882,0.012475888,1.0,1.0370846,4.1960616,-9.638151,0.012935717,0.002590779,0.7948228,0.020883944,0.17938861,-0.21195419,4.2856555,-4.644144,4.644144,0.019780327,1.0,1.0646005,6.4437265,-11.090958,0.013848819,0.0032351674,0.7881803,0.02173062,0.002395818853378296,435.74662613868713,170000
-4.629196,4.629196,0.013801492,1.0,1.0277969,6.985229,-10.508078,0.013132596,0.002883463,0.79130435,0.02104564,0.042946428,-0.034354404,1.1349428,-4.637083,4.637083,0.01695603,1.0,1.1672316,6.4437265,-10.1803665,0.016998973,0.005380461,0.7884699,0.024883673,0.0023973947525024416,447.733603477478,175000
-4.623585,4.623585,0.011557009,1.0,1.057094,4.1960616,-10.859533,0.012301333,0.0017478727,0.7082128,0.01938346,0.047813904,-0.0820077,1.8841918,-4.6365023,4.6365023,0.01672388,1.0,1.2289174,6.4437265,-11.34618,0.015952287,0.0037001155,0.71625,0.023114787,0.0024280993938446045,459.87410402297974,180000
-4.628666,4.628666,0.0135893775,1.0,0.9501606,10.2824955,-10.859533,0.012271719,0.0027980944,0.78413963,0.020113114,0.1247573,-0.08993042,2.9699788,-4.6415987,4.6415987,0.018762425,1.0,1.1500757,6.4437265,-11.033595,0.019956019,0.0085406685,0.7957746,0.027913764,0.002418120622634888,471.9647104740143,185000
-4.6301017,4.6301017,0.014163625,1.0,0.8993429,4.1960616,-10.859533,0.013848372,0.0049039843,0.7134068,0.02098244,0.036674473,-0.058235392,1.6039212,-4.6414843,4.6414843,0.018716564,1.0,1.0071853,6.4437265,-12.127941,0.015797742,0.005783725,0.71222734,0.022920014,0.002415761756896973,484.043523311615,190000
-4.6257133,4.6257133,0.012408239,1.0,0.8637624,10.454693,-10.859533,0.012809806,0.004214327,0.79170316,0.020726837,0.09053516,-0.12491877,2.74153,-4.643319,4.643319,0.019450832,1.0,1.1762607,6.4437265,-11.399201,0.016022906,0.0043033343,0.79048,0.023927705,0.002425532245635986,496.17118787765503,195000
-4.6222363,4.6222363,0.011017458,1.0,1.0754168,4.1960616,-10.859533,0.013446283,0.0027193085,0.8109969,0.02155625,0.18716232,-0.14072585,3.8917208,-4.640728,4.640728,0.018414173,1.0,1.0755227,6.4437265,-11.788239,0.01586819,0.0051646107,0.8313668,0.024181858,0.002363855504989624,507.99046874046326,200000
-4.621649,4.621649,0.010782467,1.0,0.8687124,4.1960616,-10.859533,0.012393853,0.0037441705,0.79053855,0.020299237,0.03354025,-0.045440778,1.0498141,-4.644579,4.644579,0.019954596,1.0,0.8584542,6.4437265,-10.705223,0.015535251,0.0070209196,0.8036078,0.02357133,0.0023964895248413088,519.9729201793671,205000
-4.624552,4.624552,0.011943541,1.0,1.0609174,4.412978,-10.859533,0.018761026,0.008234195,0.7590439,0.026351465,0.3236567,-0.4195765,8.674955,-4.63996,4.63996,0.018106751,1.0,1.0545915,6.4437265,-11.872137,0.022186901,0.011758573,0.7679836,0.029866736,0.0024253997802734374,532.0999231338501,210000
-4.62238,4.62238,0.01107482,1.0,1.0633976,4.1960616,-10.859533,0.01582174,0.0052401656,0.87816995,0.02460344,0.10023576,-0.09244534,2.7070987,-4.6502824,4.6502824,0.022235824,1.0,1.0460529,6.4437265,-12.145583,0.01771141,0.007324123,0.88560927,0.026567504,0.0024071741104125977,544.1357975006104,215000
-4.6261487,4.6261487,0.01258251,1.0,1.3502417,4.1960616,-10.859533,0.01675395,0.003284378,0.90223354,0.025776286,0.036545414,-0.040913753,1.2081141,-4.645355,4.645355,0.020265087,1.0,1.1779251,6.4437265,-13.017737,0.016726036,0.0049967505,0.8915572,0.025641609,0.0023589816093444824,555.9307096004486,220000
-4.622403,4.622403,0.011084226,1.0,1.2096317,4.1960616,-10.859533,0.015166832,0.0031015314,0.77419066,0.02290874,0.06679806,-0.10316587,2.5030174,-4.638961,4.638961,0.017707461,1.0,1.1355774,6.4437265,-13.545474,0.019247781,0.0079717245,0.7874588,0.027122369,0.002405712890625,567.9592776298523,225000
-4.6215353,4.6215353,0.010737087,1.0,1.0641806,4.1960616,-10.859533,0.013690732,0.0030797233,0.8945544,0.022636276,0.080586776,-0.05289705,1.9136083,-4.6577578,4.6577578,0.02522607,1.0,1.0629654,6.4437265,-14.208394,0.01602444,0.00544928,0.8999208,0.025023649,0.0024389631748199464,580.1540975570679,230000
-4.6182218,4.6182218,0.009411672,1.0,0.8528676,15.161177,-10.859533,0.013609553,0.005132198,1.0239077,0.02384863,0.104085475,-0.12505275,3.0364628,-4.654734,4.654734,0.024016647,1.0,0.92961174,6.4437265,-13.166359,0.019136045,0.009939322,1.0286771,0.029422816,0.0023981301307678224,592.1447520256042,235000
-4.6212006,4.6212006,0.010603211,1.0,1.0217232,4.1960616,-10.859533,0.014580867,0.004407713,0.86364233,0.02321729,0.10605247,-0.100672685,2.8045352,-4.654855,4.654855,0.024064895,1.0,0.9464575,6.4437265,-12.1269245,0.021454964,0.012111504,0.8482915,0.029937878,0.00239036808013916,604.0965957641602,240000
-4.6191425,4.6191425,0.009779877,1.0,0.82468104,10.707945,-10.960406,0.016738715,0.008577682,0.86194676,0.025358181,0.17258537,-0.35806453,7.0147433,-4.6438127,4.6438127,0.01964808,1.0,0.8563452,6.4437265,-13.387508,0.019308655,0.010853742,0.8573214,0.027881868,0.002395175552368164,616.0724775791168,245000
-4.627222,4.627222,0.013011781,1.0,0.95890796,4.51126,-10.674544,0.011842135,0.0022758157,0.8694136,0.02053627,0.12031902,-0.05124809,2.4454858,-4.6808405,4.6808405,0.034459297,1.0,0.893124,6.4437265,-12.713596,0.015595797,0.006731878,0.8801414,0.024397211,0.0023734098434448243,627.9395310878754,250000
-4.6218023,4.6218023,0.010844028,1.0,0.97663856,8.705343,-10.859533,0.013867719,0.004142763,0.88069427,0.022674661,0.08548594,-0.056151345,2.0353239,-4.656781,4.656781,0.024835492,1.0,1.0248443,6.4437265,-9.582372,0.015112376,0.0049130647,0.8697523,0.023809899,0.002400508689880371,639.9420781135559,255000
-4.6218977,4.6218977,0.010882107,1.0,0.79349923,4.7779016,-10.316386,0.011768351,0.0038720802,0.8368355,0.020136707,0.07476867,-0.10961239,2.9325542,-4.6770105,4.6770105,0.032927196,1.0,1.0477653,6.4437265,-9.76266,0.022728153,0.012374244,0.83155334,0.031043686,0.0023774147033691407,651.8291554450989,260000
-4.621912,4.621912,0.010887789,1.0,1.1261221,4.1960616,-10.803037,0.013641199,0.0024040183,0.8876473,0.022517672,0.17345293,-0.09627832,3.4008517,-4.649371,4.649371,0.021871483,1.0,1.155361,6.4437265,-9.462929,0.024413172,0.012989459,0.8824048,0.03323722,0.0023503540515899656,663.5809299945831,265000
-4.622549,4.622549,0.011142571,1.0,1.0966249,4.1960616,-10.859533,0.012951195,0.0020049978,0.9054389,0.022005584,0.04062641,-0.054874253,1.1521004,-4.6330857,4.6330857,0.015357404,1.0,1.1279883,6.4437265,-10.548002,0.017242756,0.006023106,0.9343646,0.026586402,0.0024123218536376955,675.642543554306,270000
-4.6234636,4.6234636,0.011508408,1.0,0.96772146,9.7664175,-10.494853,0.011997665,0.0023438896,0.8782203,0.020779869,0.049530778,-0.06768424,1.6852839,-4.6547756,4.6547756,0.024033336,1.0,1.0361606,6.4437265,-10.3233185,0.014814559,0.004497935,0.8754171,0.02356873,0.002392089557647705,687.6029953956604,275000
-4.620355,4.620355,0.010265074,1.0,0.96964353,4.1960616,-10.223136,0.013901387,0.004247428,0.9093174,0.022994561,0.1119793,-0.15120184,3.19334,-4.665204,4.665204,0.02820474,1.0,1.0731187,6.4437265,-10.889208,0.020830251,0.010201078,0.900555,0.029835802,0.002382099723815918,699.5134980678558,280000
-4.6181183,4.6181183,0.009370352,1.0,0.84845155,4.1960616,-12.163951,0.011320604,0.0028647375,0.96152854,0.02093589,0.03032315,-0.029823618,0.8227301,-4.6477423,4.6477423,0.021219883,1.0,0.9694554,6.4437265,-10.859923,0.018988475,0.0093878005,0.968457,0.028673045,0.00240135817527771,711.5202927589417,285000
-4.6197166,4.6197166,0.010009594,1.0,1.0190077,7.4481354,-9.198617,0.012542648,0.002376335,0.9195498,0.021738146,0.05759354,-0.046643592,1.3832319,-4.669573,4.669573,0.029952124,1.0,1.1323668,6.4437265,-8.715643,0.017817896,0.0065598246,0.9358393,0.027176289,0.0023857333183288573,723.4489631652832,290000
-4.6202846,4.6202846,0.010236796,1.0,0.89057183,7.9863434,-9.34109,0.012042949,0.0031689205,0.9419365,0.021462314,0.04761763,-0.057545908,1.5082628,-4.644167,4.644167,0.019789742,1.0,1.0370109,6.4437265,-9.434468,0.016298657,0.005988433,0.9420027,0.025718685,0.0023482895851135253,735.1904146671295,295000
-4.6234913,4.6234913,0.011519423,1.0,0.92271185,4.1960616,-8.954714,0.014575289,0.005402194,0.9188942,0.02376423,0.11135986,-0.160651,3.878559,-4.643923,4.643923,0.019692173,1.0,0.8758645,6.4437265,-11.009661,0.015732896,0.0070446995,0.9122696,0.024855591,0.002375614166259766,747.0684888362885,300000
-4.6231117,4.6231117,0.011367713,1.0,0.8871609,6.624591,-9.6105385,0.013597934,0.0047740657,0.9537635,0.023135569,0.100212425,-0.14952818,3.5011835,-4.6540523,4.6540523,0.023743765,1.0,1.1969838,6.4437265,-10.318548,0.01808083,0.0061727213,0.949855,0.02757938,0.0023929189682006836,759.033087015152,305000
-4.620321,4.620321,0.010251197,1.0,1.0148089,7.304647,-9.116427,0.012815742,0.0026945998,0.96431375,0.02245888,0.054338813,-0.051975347,1.1953231,-4.653625,4.653625,0.023572953,1.0,1.1338563,9.99606,-10.782875,0.017757248,0.0064835222,0.9700287,0.027457535,0.002409853935241699,771.0823612213135,310000
-4.6211767,4.6211767,0.010593589,1.0,0.9711586,5.3492537,-10.859533,0.014975715,0.005317304,1.0337003,0.025312718,0.11016926,-0.15978314,3.6254191,-4.6779795,4.6779795,0.033314742,1.0,1.0185152,6.4437265,-9.032239,0.01663651,0.006516522,1.0190878,0.026827388,0.0024196026802062987,783.1803786754608,315000
-4.621344,4.621344,0.010660607,1.0,0.95862854,8.798256,-10.859533,0.014755547,0.005221477,1.0733874,0.02548942,0.2101922,-0.34313238,6.5344515,-4.648365,4.648365,0.021468809,1.0,1.1522137,6.4437265,-10.148882,0.016964037,0.00549687,1.0739605,0.027703643,0.002415983724594116,795.2603008747101,320000
-4.618842,4.618842,0.009659783,1.0,1.2191608,4.1960616,-10.517059,0.016517272,0.0043693576,1.0279796,0.026797067,0.049411584,-0.044617847,1.422374,-4.6529684,4.6529684,0.023310443,1.0,1.1918168,6.4437265,-8.683671,0.017144714,0.005279339,1.0397375,0.027542088,0.0024136734008789063,807.3286716938019,325000
-4.6214485,4.6214485,0.010702245,1.0,1.1140778,7.4560003,-9.03087,0.016530888,0.0054445574,1.0296321,0.026827209,0.118900016,-0.16143115,3.3760197,-4.658274,4.658274,0.02543264,1.0,1.2517624,6.4437265,-9.264238,0.023926415,0.011524033,1.0256684,0.0341831,0.0024231674194335937,819.4445126056671,330000
-4.6186543,4.6186543,0.009584749,1.0,1.2016734,8.290351,-9.237411,0.020079132,0.0081438385,1.0968826,0.031047959,0.08025592,-0.05454598,2.0374212,-4.666338,4.666338,0.028658092,1.0,1.2926271,6.4437265,-10.145063,0.019469954,0.0066097816,1.1145673,0.030615628,0.002407976198196411,831.4843971729279,335000
-4.61808,4.61808,0.00935484,1.0,1.1251001,10.683502,-10.859533,0.015751056,0.004545511,1.0955243,0.026706299,0.09503781,-0.068170644,1.7576183,-4.650967,4.650967,0.022509908,1.0,1.093056,6.4437265,-10.424186,0.017122604,0.0062545915,1.0977821,0.028100425,0.0024230886936187743,843.5998442173004,340000
-4.6202154,4.6202154,0.010209142,1.0,1.0417175,10.218381,-10.216074,0.014548643,0.0041732015,0.97332895,0.024281932,0.07681383,-0.08577148,1.9456077,-4.654607,4.654607,0.023965815,1.0,0.9306034,6.4437265,-8.684445,0.01573766,0.006496593,1.0007727,0.025745388,0.002412797212600708,855.6638340950012,345000
-4.6206794,4.6206794,0.010394798,1.0,1.0821204,12.293889,-10.365954,0.015137706,0.0043601035,1.0682483,0.025820188,0.09886374,-0.15990222,3.001246,-4.647928,4.647928,0.02129427,1.0,1.164783,9.421941,-10.358468,0.01851771,0.006939275,1.0758779,0.02927649,0.0024177101612091064,867.7523891925812,350000
-4.6177883,4.6177883,0.00923816,1.0,0.9163065,10.6665745,-10.333043,0.01311906,0.003995954,0.98817813,0.02300084,0.05889391,-0.04678567,1.3642105,-4.6550536,4.6550536,0.024144365,1.0,1.1114178,6.4788256,-8.780473,0.018433724,0.007393483,0.9956837,0.02839056,0.002408421564102173,879.7945013046265,355000
-4.6182933,4.6182933,0.0094403485,1.0,0.8074105,8.864681,-9.688732,0.010578871,0.0025300672,0.82009137,0.018779784,0.074941345,-0.05229938,1.5937405,-4.6547337,4.6547337,0.02401637,1.0,0.90402085,6.4437265,-8.48387,0.014158873,0.0051703686,0.83830893,0.022541963,0.002415999746322632,891.8745038509369,360000
-4.6201906,4.6201906,0.0101993,1.0,0.72683007,13.492521,-9.085991,0.012978217,0.005767592,0.85778683,0.021556085,0.103807844,-0.1571675,3.46018,-4.6559443,4.6559443,0.024500709,1.0,0.9457488,6.873884,-10.284778,0.015816133,0.0064228745,0.8675378,0.024491511,0.002414378786087036,903.9464015960693,365000
-4.6205187,4.6205187,0.010330475,1.0,0.8747505,9.142416,-10.817263,0.011775892,0.003058977,0.87079394,0.020483833,0.060713597,-0.039742894,1.3120532,-4.645109,4.645109,0.020166509,1.0,0.9996746,7.386695,-10.456154,0.01626324,0.006329792,0.87694395,0.025032679,0.00239667911529541,915.9298012256622,370000
-4.620164,4.620164,0.0101884315,1.0,0.7817412,10.963519,-11.454904,0.013792029,0.0060349675,0.87570655,0.022549093,0.18175878,-0.32847118,5.851527,-4.6528273,4.6528273,0.02325405,1.0,0.97717917,6.4437265,-10.36845,0.021667894,0.012016264,0.88555086,0.030523403,0.002407874536514282,927.9691777229309,375000
-4.619566,4.619566,0.009949164,1.0,0.8831229,11.436286,-9.074032,0.012968029,0.0041785855,0.87642956,0.021732325,0.118183695,-0.1756225,3.521749,-4.6390715,4.6390715,0.01775166,1.0,0.94385135,6.4437265,-9.778291,0.019267391,0.009928159,0.8879452,0.028146844,0.002400099515914917,939.9696786403656,380000
-4.619008,4.619008,0.00972624,1.0,0.8632249,13.340354,-9.575915,0.014049377,0.005471847,0.9002238,0.023051616,0.041567944,-0.038920645,1.2420081,-4.6637564,4.6637564,0.027625674,1.0,0.98096436,6.9691343,-8.951446,0.016323492,0.006579644,0.9083009,0.0254065,0.002401971197128296,951.9795384407043,385000
-4.619592,4.619592,0.0099597955,1.0,0.7168189,5.779894,-9.016651,0.012981227,0.005871755,0.74625945,0.020443821,0.049422733,-0.066314384,2.0195374,-4.6471214,4.6471214,0.020971624,1.0,0.89508855,6.491114,-8.934484,0.014220795,0.005323141,0.7431215,0.02165201,0.0024085505962371826,964.0222947597504,390000
-4.6237087,4.6237087,0.011606469,1.0,0.7436245,11.399824,-8.264197,0.012300807,0.0049137,0.7619411,0.019920219,0.045273945,-0.044236213,1.3882222,-4.6294775,4.6294775,0.01391382,1.0,0.85264087,6.4437265,-9.305863,0.014820095,0.0063572596,0.76315665,0.022451662,0.0023910993099212647,975.9777960777283,395000
-4.614849,4.614849,0.008062708,1.0,0.6161207,11.722285,-9.250584,0.008816704,0.0026823205,0.7836342,0.016653046,0.07902381,-0.04545126,1.6362013,-4.654917,4.654917,0.024089733,1.0,0.836547,7.1394367,-8.003999,0.012758847,0.004437755,0.7847554,0.020606402,0.0024169634342193604,988.0626168251038,400000
-4.622183,4.622183,0.010996069,1.0,0.66269857,14.110057,-8.706053,0.0112164,0.0046357736,0.79863966,0.019202797,0.09180311,-0.12648931,2.7586021,-4.6427116,4.6427116,0.019207783,1.0,0.96586645,6.8029475,-8.282922,0.014797041,0.00519028,0.8143637,0.022940679,0.0024133131980895997,1000.1291863918304,405000
-4.619463,4.619463,0.009908022,1.0,0.7561687,15.515628,-8.126774,0.014125108,0.0066297175,0.86553067,0.022780415,0.06284587,-0.13319086,2.625333,-4.6390915,4.6390915,0.017759478,1.0,0.8214152,6.7430344,-8.38498,0.01927521,0.011172788,0.86145437,0.027889755,0.0024553004264831545,1012.4056921005249,410000
-4.6189833,4.6189833,0.00971652,1.0,0.7473922,15.884934,-8.334792,0.011530418,0.004097471,0.74676275,0.018998045,0.057417244,-0.09241729,1.7541987,-4.644804,4.644804,0.020044556,1.0,0.81603956,6.5037475,-8.024073,0.014522901,0.006426774,0.74777013,0.022000602,0.0024900359630584718,1024.855875968933,415000
-4.6180444,4.6180444,0.009340714,1.0,0.637509,10.011061,-12.676948,0.011403636,0.00507934,0.842901,0.019832645,0.10710967,-0.22431478,3.9741383,-4.657543,4.657543,0.02514012,1.0,0.9248443,6.7550316,-8.744429,0.015264936,0.0060772654,0.83783174,0.023643253,0.0024086289405822756,1036.8990242481232,420000
-4.6193953,4.6193953,0.009881184,1.0,0.7137035,15.884934,-12.234382,0.010512543,0.0034096043,0.8453631,0.018966174,0.14170226,-0.06711099,2.5306249,-4.653958,4.653958,0.023706123,1.0,0.78945583,6.9683523,-14.786173,0.0130188875,0.00517609,0.85524356,0.021571323,0.0024024367332458494,1048.911211490631,425000
-4.6192546,4.6192546,0.009824793,1.0,0.75892276,6.8398876,-7.764256,0.010231951,0.0026694187,0.8519373,0.018751323,0.056842804,-0.05853174,1.5612383,-4.651379,4.651379,0.02267459,1.0,0.8870033,7.2908263,-14.467666,0.01387622,0.0050567547,0.8539593,0.022415813,0.002401565885543823,1060.9190452098846,430000
-4.618579,4.618579,0.009554352,1.0,0.7939268,9.609172,-10.21974,0.011938859,0.004039991,0.8800069,0.020738928,0.096844375,-0.08351785,1.8963997,-4.6470957,4.6470957,0.020961098,1.0,0.82751966,8.01419,-9.183157,0.01388864,0.005670145,0.87246174,0.022613257,0.0024048648834228514,1072.9433736801147,435000
-4.6189394,4.6189394,0.00969852,1.0,0.75627124,11.791605,-10.007469,0.0140725,0.0065755434,0.83455217,0.022418022,0.1415706,-0.33782366,5.180307,-4.6525984,4.6525984,0.023162171,1.0,0.91413325,7.267481,-10.412682,0.014909269,0.0058261985,0.83776206,0.02328689,0.0024120089530944825,1085.003422498703,440000
-4.616167,4.616167,0.008589699,1.0,0.7154484,11.44418,-7.850123,0.010687314,0.0035685156,0.7464109,0.018151423,0.036380056,-0.068766125,1.3719046,-4.6649284,4.6649284,0.028094335,1.0,0.9620031,7.526295,-8.302843,0.014947246,0.0053810263,0.76276153,0.02257486,0.0024367660045623778,1097.1872568130493,445000
-4.6162424,4.6162424,0.008619941,1.0,0.70706767,9.645145,-10.580965,0.013655629,0.006651468,0.82626843,0.021918314,0.37517855,-0.19240001,5.864324,-4.644174,4.644174,0.019792555,1.0,0.7668321,6.4437265,-7.907079,0.015285348,0.007693966,0.8241732,0.023527078,0.002487494230270386,1109.6247322559357,450000
-4.618146,4.618146,0.009381383,1.0,0.6775336,12.785427,-8.024976,0.011832705,0.0051084533,0.8432129,0.020264834,0.087051995,-0.14662193,2.4043229,-4.6312113,4.6312113,0.014607615,1.0,1.0189524,7.3382125,-8.869192,0.015796093,0.005663202,0.8333688,0.024129782,0.002469201946258545,1121.9707460403442,455000
-4.617466,4.617466,0.009109222,1.0,0.74344486,15.884934,-9.31429,0.011345962,0.0039510243,0.9086751,0.020432713,0.04211725,-0.04064747,1.0642445,-4.6590204,4.6590204,0.025731137,1.0,0.79581845,9.2342205,-7.810253,0.015104222,0.0072182203,0.9151366,0.024255589,0.002460262155532837,1134.2720606327057,460000
-4.615879,4.615879,0.008474645,1.0,0.8108021,10.6848135,-10.859533,0.011010656,0.0029319546,0.9357392,0.020368047,0.028800424,-0.034794986,0.8915248,-4.6842155,4.6842155,0.035809137,1.0,1.063164,7.829734,-9.507643,0.01588162,0.0053030103,0.9494644,0.025376264,0.0024410170555114745,1146.4771502017975,465000
-4.617516,4.617516,0.009129318,1.0,0.79637504,11.422873,-13.517344,0.01127295,0.0033426257,0.9542389,0.020815339,0.020799924,-0.060325205,1.0636537,-4.6491995,4.6491995,0.021802796,1.0,0.8546588,7.587779,-8.752468,0.013087273,0.0045865513,0.9497172,0.022584446,0.0024633102416992186,1158.7937047481537,470000
-4.618042,4.618042,0.009339879,1.0,0.70548755,9.774941,-8.581795,0.009455558,0.0024249326,0.7419522,0.016875079,0.025162585,-0.021358011,0.8422748,-4.6441917,4.6441917,0.019799748,1.0,0.76277995,8.233496,-8.70958,0.012209063,0.00462754,0.75797313,0.019788794,0.0024643699645996095,1171.115558385849,475000
-4.617666,4.617666,0.009189347,1.0,0.7488681,15.884934,-12.877078,0.01265513,0.0052186362,0.7926545,0.020581674,0.10623558,-0.22924805,3.7971058,-4.6619473,4.6619473,0.02690183,1.0,1.133709,7.326938,-7.698189,0.016514782,0.005229993,0.7982223,0.024497006,0.002435710334777832,1183.2941148281097,480000
-4.617243,4.617243,0.009019985,1.0,0.8170794,10.440867,-8.597817,0.013468385,0.005351102,0.86182225,0.022086607,0.16469997,-0.09470899,3.22471,-4.664552,4.664552,0.027943794,1.0,1.0873458,14.383719,-10.3141575,0.018377353,0.0075796926,0.851715,0.026894502,0.0024117300510406495,1195.3527681827545,485000
-4.618,4.618,0.009323017,1.0,0.72504574,11.789358,-7.1304398,0.010233968,0.0030136467,0.9174992,0.01940896,0.027973631,-0.031025719,0.8384063,-4.6656327,4.6656327,0.028376196,1.0,0.8674092,7.860613,-10.568896,0.012806628,0.0041742786,0.92221165,0.022028744,0.002427598476409912,1207.4907643795013,490000
-4.619588,4.619588,0.009958173,1.0,0.85073507,9.41563,-8.650151,0.01301571,0.004553899,0.940844,0.02242415,0.055193566,-0.042894427,1.58267,-4.6519165,4.6519165,0.022889784,1.0,1.0690725,8.281577,-12.753471,0.0172052,0.00658028,0.93340266,0.026539225,0.0024050896167755126,1219.5162162780762,495000
-4.6190643,4.6190643,0.009748742,1.0,0.833738,13.278086,-10.859533,0.012124609,0.0038254838,0.7297276,0.019421885,0.11052955,-0.047949724,1.9667361,-4.653279,4.653279,0.02343454,1.0,0.9081155,7.5725093,-12.29991,0.012948998,0.003906913,0.7363416,0.020312414,0.0024503345966339113,1231.7678928375244,500000
-4.618284,4.618284,0.0094365375,1.0,0.60312885,11.374247,-8.447678,0.009153683,0.0031539348,0.82436717,0.017397355,0.078270644,-0.041152492,1.3632665,-4.663419,4.663419,0.027490497,1.0,0.7282902,7.7448397,-9.7555,0.0131540345,0.0059304377,0.8244425,0.021398459,0.002412127733230591,1243.828535079956,505000
-4.6190357,4.6190357,0.009737122,1.0,0.6518673,9.838533,-9.373843,0.010187242,0.0037056264,0.81466925,0.018333934,0.11650451,-0.052181818,2.052579,-4.6891212,4.6891212,0.037771475,1.0,0.8436809,7.0955787,-8.944704,0.013049563,0.0046593486,0.8111768,0.02116133,0.002417626094818115,1255.916669845581,510000
-4.6169147,4.6169147,0.008888904,1.0,0.6774041,12.230782,-9.618143,0.009576782,0.0028310516,0.8711373,0.018288154,0.04186704,-0.035771918,1.0528514,-4.650266,4.650266,0.022229394,1.0,0.9221094,8.707022,-9.520874,0.013442283,0.0042638276,0.8724824,0.022167105,0.0024111371994018555,1267.9723598957062,515000
-4.618347,4.618347,0.009461797,1.0,0.652186,8.625753,-8.150741,0.0106967185,0.004217029,0.89712745,0.019667992,0.08334231,-0.040942222,1.7650665,-4.6587143,4.6587143,0.025608689,1.0,0.90737903,10.051554,-9.60973,0.018577857,0.009600069,0.90216005,0.027599458,0.00239492974281311,1279.9470133781433,520000
-4.618974,4.618974,0.009712545,1.0,0.72907066,9.905409,-8.64331,0.011849411,0.0046047526,0.9466597,0.021316007,0.040353365,-0.038835917,1.0724909,-4.6587067,4.6587067,0.025605703,1.0,1.0414006,9.73909,-11.216597,0.015000104,0.0046324227,0.9337704,0.024337808,0.0024056313037872316,1291.9751737117767,525000
-4.6167293,4.6167293,0.00881474,1.0,0.7625495,12.567961,-9.959025,0.010797014,0.0032035562,0.97410923,0.020538107,0.05431399,-0.04194636,1.1074576,-4.6822324,4.6822324,0.035015807,1.0,0.92515147,9.468526,-10.526705,0.01422638,0.0050251186,0.9891702,0.02411808,0.002389951753616333,1303.9249362945557,530000
-4.6162295,4.6162295,0.0086147515,1.0,0.6495449,12.803743,-9.866849,0.009107696,0.0026386334,0.7171173,0.016278869,0.11252673,-0.06908192,1.8411813,-4.6510763,4.6510763,0.02255332,1.0,0.79463816,7.609028,-11.596901,0.012397718,0.0044962987,0.71449816,0.0195427,0.00238732967376709,1315.8615884780884,535000
-4.6186657,4.6186657,0.009589173,1.0,0.8816291,11.267188,-13.891489,0.0112182135,0.0024261856,0.74119246,0.018630138,0.0731206,-0.14025308,2.1827285,-4.6515083,4.6515083,0.022726282,1.0,1.0135671,8.615231,-10.981968,0.01594824,0.005871284,0.7354556,0.023302795,0.002399685764312744,1327.8600215911865,540000
-4.6196523,4.6196523,0.009983823,1.0,0.71396637,10.704591,-13.570946,0.009427799,0.0023112486,0.80730975,0.017500896,0.030154953,-0.019505877,0.79355705,-4.6386337,4.6386337,0.017576555,1.0,0.78304434,10.615258,-8.478577,0.010858124,0.003058264,0.8083869,0.018941993,0.0025119994163513184,1340.4200224876404,545000
-4.6159835,4.6159835,0.008516326,1.0,0.63560176,11.940881,-10.662822,0.008626007,0.002292918,0.8629958,0.017255966,0.029626643,-0.03714769,0.8251183,-4.6668596,4.6668596,0.028866768,1.0,0.8672687,9.317015,-8.076867,0.012289928,0.00365378,0.8666251,0.02095618,0.002421973514556885,1352.529893875122,550000
-4.6162376,4.6162376,0.008618016,1.0,0.7345418,8.941335,-7.3068185,0.011255862,0.003949945,0.83676064,0.01962347,0.0678274,-0.15596761,2.3546758,-4.6506786,4.6506786,0.022394298,1.0,0.78772163,9.432643,-8.28359,0.01414877,0.006334903,0.8382301,0.02253107,0.0024136890888214113,1364.5983428955078,555000
-4.61592,4.61592,0.008490892,1.0,0.846297,12.760431,-8.48542,0.011673506,0.0032429653,0.72363067,0.018909812,0.034202524,-0.042692754,1.0337418,-4.6458454,4.6458454,0.020461136,1.0,0.7707883,9.233993,-9.664083,0.012159856,0.004496943,0.71870154,0.01934687,0.0024010631561279298,1376.6036627292633,560000
-4.6167383,4.6167383,0.0088183135,1.0,0.6153897,8.926105,-6.979001,0.008917905,0.002791927,0.72411275,0.016159033,0.038196437,-0.0376432,0.9096877,-4.6500134,4.6500134,0.022128318,1.0,0.81967795,9.594629,-7.7657824,0.012540823,0.0043879226,0.7264435,0.019805258,0.002406102705001831,1388.6341795921326,565000
-4.617449,4.617449,0.009102394,1.0,0.66106045,14.163006,-8.330671,0.009459121,0.0028772897,0.74602044,0.016919326,0.045928538,-0.10784472,1.5533924,-4.650117,4.650117,0.022169685,1.0,0.72123694,10.099554,-13.547532,0.0108480835,0.0036724387,0.7548119,0.018396202,0.0023871806621551515,1400.570086479187,570000
-4.615285,4.615285,0.00823699,1.0,0.6429847,11.022457,-10.843112,0.008919795,0.0025150997,0.77792287,0.016699024,0.02593031,-0.045792527,1.0896239,-4.633442,4.633442,0.015499832,1.0,0.862165,8.355877,-7.48414,0.01275303,0.004173113,0.76929885,0.02044602,0.0024210235595703124,1412.6752080917358,575000
-4.6171865,4.6171865,0.008997633,1.0,0.7594225,12.615389,-11.939108,0.011143358,0.0035849845,0.8184023,0.01932738,0.0551726,-0.1268324,2.1468835,-4.6436887,4.6436887,0.01959845,1.0,0.83781517,8.117893,-8.661736,0.012269821,0.0039309803,0.8104482,0.020374302,0.0024123345851898193,1424.7368848323822,580000
-4.616785,4.616785,0.008836892,1.0,0.6177938,10.523233,-11.328013,0.009035001,0.0028859223,0.79920006,0.017027002,0.044269767,-0.03433711,0.9238247,-4.669053,4.669053,0.029744273,1.0,0.9241971,8.049153,-8.142794,0.0136011485,0.0044032102,0.79991555,0.021600304,0.002424515438079834,1436.8594658374786,585000
-4.618497,4.618497,0.009521568,1.0,0.7069608,13.433554,-8.428189,0.009856703,0.0028152475,0.8476158,0.018332861,0.12455134,-0.058170844,1.9639971,-4.6674657,4.6674657,0.029109214,1.0,1.0322716,9.141436,-7.2817745,0.014511955,0.0042315563,0.8395173,0.022907127,0.0024325784683227538,1449.0223619937897,590000
-4.616943,4.616943,0.008900137,1.0,0.6481617,11.988099,-10.961018,0.008974725,0.002518292,0.66113544,0.01558608,0.027940305,-0.045050953,1.0050633,-4.639086,4.639086,0.017757209,1.0,0.7560561,10.580701,-9.77991,0.015779976,0.008302442,0.67147124,0.022494689,0.002389294481277466,1460.9688382148743,595000
-4.6181483,4.6181483,0.009382317,1.0,0.645797,10.876173,-15.48261,0.008783877,0.0023494014,0.71469545,0.015930831,0.076460935,-0.03779582,1.2427161,-4.653246,4.653246,0.023421347,1.0,0.9576822,10.253306,-10.717201,0.015909676,0.0063968212,0.71217316,0.023031406,0.002415887689590454,1473.0482802391052,600000
-4.616392,4.616392,0.00867975,1.0,0.713711,14.292434,-7.506333,0.010919761,0.0038208598,0.73668844,0.018286645,0.10288924,-0.27294096,3.5774915,-4.656908,4.656908,0.024886122,1.0,0.80915374,11.0803,-7.658387,0.0139151495,0.005882438,0.7425668,0.021340817,0.002427797794342041,1485.1872730255127,605000
-4.616252,4.616252,0.008623737,1.0,0.645097,12.296797,-7.6656837,0.008582375,0.0021529347,0.7677055,0.01625943,0.059460636,-0.033053745,1.0290996,-4.6456103,4.6456103,0.02036707,1.0,0.86086714,9.390118,-8.521503,0.012376174,0.0038055587,0.7693398,0.020069573,0.002416608762741089,1497.270320892334,610000
-4.6137447,4.6137447,0.007620825,1.0,0.5958922,12.770938,-9.879158,0.009039832,0.0031120307,0.79923373,0.017032169,0.0799469,-0.03750243,1.4355657,-4.654057,4.654057,0.023745699,1.0,0.819381,9.199862,-8.896801,0.012816949,0.0046698377,0.80665827,0.02088353,0.002412761163711548,1509.334130525589,615000
-4.6152034,4.6152034,0.008204338,1.0,0.68593705,12.897197,-11.794686,0.009307066,0.0024724207,0.83783734,0.01768544,0.03714403,-0.09484399,1.5128896,-4.6602273,4.6602273,0.02621392,1.0,0.82982576,9.479534,-8.935934,0.011942136,0.0036806867,0.841828,0.020360416,0.002418013525009155,1521.424201965332,620000
-4.6160917,4.6160917,0.0085597,1.0,0.6045468,12.674059,-10.324063,0.008643775,0.0026245536,0.6892913,0.015536688,0.04246716,-0.12730536,1.8709642,-4.650108,4.650108,0.022166003,1.0,0.8181014,9.208397,-8.395774,0.011610126,0.0034637512,0.68422294,0.018452356,0.0025134496212005615,1533.991453886032,625000
-4.6192894,4.6192894,0.00983869,1.0,0.59904766,11.61772,-8.246939,0.008144161,0.00217544,0.72148776,0.0153590385,0.06816053,-0.03487075,1.2032984,-4.676536,4.676536,0.032737356,1.0,0.75303406,9.627645,-7.97472,0.013077738,0.0056034317,0.7051836,0.020129574,0.002415812635421753,1546.0705208778381,630000
-4.615741,4.615741,0.008419262,1.0,0.612149,9.23033,-9.083045,0.008412033,0.0023136805,0.7400532,0.015812565,0.053663563,-0.13845998,1.8325791,-4.6575646,4.6575646,0.02514875,1.0,0.76429117,8.71606,-7.5929413,0.00977957,0.0021582406,0.7405317,0.017184887,0.002413448619842529,1558.1377675533295,635000
-4.6178193,4.6178193,0.009250695,1.0,0.7085568,8.041082,-10.859533,0.009261497,0.0021979096,0.7759649,0.017021146,0.051299214,-0.020731566,0.878348,-4.6547956,4.6547956,0.024041388,1.0,0.7512764,9.803776,-11.0679455,0.011093531,0.0036169374,0.775424,0.018847771,0.0023678422927856445,1569.976982831955,640000
-4.615258,4.615258,0.008226237,1.0,0.65307873,8.869088,-8.849437,0.008347135,0.0018346943,0.8044757,0.016391892,0.1133001,-0.06507102,1.7913461,-4.6549854,4.6549854,0.024117166,1.0,0.8558537,10.952326,-8.006965,0.013309969,0.0047994265,0.8010495,0.021320462,0.0023947376251220705,1581.9506747722626,645000
-4.6171494,4.6171494,0.008982799,1.0,0.6044921,12.411996,-9.364364,0.008145897,0.0021221982,0.8613455,0.01675935,0.017554976,-0.033260133,0.5918914,-4.7100744,4.7100744,0.04615253,1.0,0.781005,11.204046,-9.952426,0.013308577,0.0055540684,0.84899867,0.021798564,0.0024181087017059325,1594.041221857071,650000
-4.6144767,4.6144767,0.007913656,1.0,0.70411164,9.717083,-10.601659,0.010256577,0.0032479407,0.7134239,0.017390816,0.02575523,-0.030922385,0.78402877,-4.6505938,4.6505938,0.022360584,1.0,0.8034775,9.258791,-13.877789,0.013083564,0.005099788,0.70755684,0.020159133,0.002421189451217651,1606.1471729278564,655000
-4.614826,4.614826,0.008053276,1.0,0.7199849,8.34456,-11.736656,0.009433589,0.0022563033,0.7832263,0.017265853,0.07014892,-0.103991985,1.612364,-4.64543,4.64543,0.020294998,1.0,0.8824673,8.83407,-11.366427,0.014282344,0.0055128,0.78048086,0.022087153,0.0024352499008178713,1618.3234264850616,660000
-4.6173162,4.6173162,0.009049374,1.0,0.6537204,11.4423895,-11.680425,0.00803873,0.001516695,0.87756103,0.01681434,0.021163082,-0.030772319,0.7282693,-4.664013,4.664013,0.02772817,1.0,0.896389,9.278465,-8.206484,0.012511864,0.0035838129,0.8756184,0.021268047,0.0024214881420135496,1630.4308717250824,665000
-4.616543,4.616543,0.008740057,1.0,0.9078376,14.310312,-14.176233,0.0131407175,0.004103375,0.9319096,0.022459812,0.045105375,-0.13520892,1.9393883,-4.6489563,4.6489563,0.021705545,1.0,1.1262256,8.924822,-15.331645,0.01617338,0.0049607316,0.913823,0.02531161,0.002377078866958618,1642.3162696361542,670000
-4.61786,4.61786,0.009266994,1.0,0.66113675,7.786365,-10.915046,0.009354824,0.0027711694,0.79123336,0.017267156,0.058970403,-0.15388514,2.1072826,-4.65859,4.65859,0.025558887,1.0,0.70843434,12.312337,-8.000903,0.010978603,0.0039335964,0.78426576,0.01882126,0.002384514141082764,1654.2388441562653,675000
-4.6165996,4.6165996,0.008762805,1.0,0.5568904,9.504719,-12.206183,0.007988687,0.0024442251,0.8105637,0.016094323,0.0494683,-0.15197666,2.0928125,-4.6740265,4.6740265,0.03173343,1.0,0.65968746,11.819307,-9.682397,0.0090761315,0.0025042994,0.81079185,0.017184049,0.0023383670806884763,1665.930683374405,680000
-4.618012,4.618012,0.009327735,1.0,0.7324439,11.122665,-11.712745,0.009208556,0.0019031493,0.8611793,0.017820349,0.044355858,-0.027248515,0.9720776,-4.663377,4.663377,0.027473627,1.0,0.73942554,10.479309,-10.513746,0.010099521,0.0027325917,0.8515177,0.018614698,0.0024152533531188966,1678.006953716278,685000
-4.6161647,4.6161647,0.008588816,1.0,0.7028949,15.317245,-13.431654,0.009433533,0.0024288725,0.93111885,0.018744722,0.042406358,-0.018431978,0.809842,-4.6516433,4.6516433,0.02278026,1.0,0.7154721,10.722407,-10.370383,0.010771648,0.003653462,0.921778,0.019989427,0.0024554402351379396,1690.2841589450836,690000
-4.6202273,4.6202273,0.010213862,1.0,0.62424684,10.070868,-7.3073397,0.010730847,0.0045337155,0.7606732,0.01833758,0.06330343,-0.1785011,2.642962,-4.6635456,4.6635456,0.02754102,1.0,0.8024297,8.847746,-8.162257,0.013082491,0.0051092887,0.7547196,0.020629687,0.0024771483421325686,1702.6699044704437,695000
-4.617155,4.617155,0.008985099,1.0,0.707818,15.884934,-10.886056,0.009299453,0.0022437107,0.8259287,0.01755874,0.032173984,-0.02338322,0.6452419,-4.6524596,4.6524596,0.023106867,1.0,0.8426696,8.715755,-7.2740917,0.0116644725,0.0032704826,0.8201717,0.01986619,0.0028947405338287354,1717.1436109542847,700000
-4.61406,4.61406,0.00774695,1.0,0.7341404,13.439737,-11.75259,0.009813957,0.0024975294,0.89721483,0.018786106,0.09078697,-0.0514113,1.3731775,-4.6377587,4.6377587,0.017226381,1.0,0.79500157,10.494763,-8.762201,0.012077717,0.004169397,0.89039874,0.020981703,0.002805675506591797,1731.1719920635223,705000
-4.61562,4.61562,0.008371033,1.0,0.72476083,11.407408,-10.859533,0.009817004,0.0025953508,0.9120494,0.018937498,0.14328852,-0.06502272,2.0064754,-4.655527,4.655527,0.024333796,1.0,0.8018996,11.055556,-9.750612,0.01135524,0.003369943,0.91902184,0.020545458,0.0025016597270965577,1743.680294752121,710000
-4.6144543,4.6144543,0.007904522,1.0,0.73474586,11.410397,-12.735739,0.01043576,0.0031194962,0.9225524,0.019661285,0.03221751,-0.044847276,0.9209873,-4.6517973,4.6517973,0.02284196,1.0,0.91002107,9.852416,-9.081042,0.012759721,0.0036964747,0.9083262,0.021842983,0.0024590132236480713,1755.97536444664,715000
-4.6160393,4.6160393,0.008538659,1.0,0.7336947,15.884934,-11.916987,0.010904337,0.0036034253,0.80738366,0.018978175,0.04955617,-0.11279955,1.6650907,-4.6616783,4.6616783,0.026794268,1.0,0.8363025,11.119188,-11.540978,0.011621226,0.0032911124,0.8042558,0.019663785,0.00245689754486084,1768.25985622406,720000
-4.6164083,4.6164083,0.008686184,1.0,0.66471374,15.8247385,-10.859533,0.00883021,0.0022051248,0.8546703,0.017376913,0.040158052,-0.022878595,0.86598,-4.6613703,4.6613703,0.026671214,1.0,0.73236173,11.860082,-10.233706,0.011417671,0.0041354084,0.85442847,0.019961957,0.002447487163543701,1780.4972958564758,725000
-4.616332,4.616332,0.008655692,1.0,0.68662935,11.910071,-12.259137,0.009182913,0.0023400201,0.8814726,0.01799764,0.11466021,-0.056281064,1.5199095,-4.6528544,4.6528544,0.023264755,1.0,0.8449139,12.068016,-12.391337,0.013296891,0.0048967195,0.8673473,0.021970365,0.002449499750137329,1792.7447981834412,730000
-4.6155095,4.6155095,0.008326724,1.0,0.70601094,15.884934,-10.859533,0.008751449,0.0017084249,0.8861988,0.017613437,0.031133026,-0.018857805,0.59007335,-4.6800194,4.6800194,0.03413064,1.0,1.0055679,10.7477865,-14.158482,0.014160346,0.004146129,0.88431156,0.023003463,0.002444558572769165,1804.96759557724,735000
-4.61563,4.61563,0.0083750235,1.0,0.69163895,13.285515,-12.248567,0.010667669,0.003789171,0.7721406,0.018389074,0.08708885,-0.20571074,2.6491323,-4.663051,4.663051,0.027343376,1.0,0.90137714,9.688342,-14.409857,0.012339026,0.0033588428,0.77479297,0.020086955,0.002460833692550659,1817.2717678546906,740000
-4.6151075,4.6151075,0.008166198,1.0,0.682245,11.839731,-10.764792,0.008786345,0.001983732,0.8456514,0.017242858,0.049890596,-0.038528446,0.96971595,-4.6623893,4.6623893,0.027078731,1.0,0.8348052,10.300321,-16.015783,0.012914196,0.004612268,0.8496705,0.021410901,0.0024763482570648193,1829.653513431549,745000
-4.615916,4.615916,0.008489258,1.0,0.7414862,9.916493,-12.541866,0.010965359,0.003586362,0.94781953,0.020443555,0.044488866,-0.031499233,1.0064837,-4.672928,4.672928,0.031294096,1.0,0.9729053,11.214787,-12.523004,0.013102648,0.0034076732,0.9337994,0.022440642,0.0024810987949371336,1842.059011220932,750000
-4.615675,4.615675,0.008393059,1.0,0.76087475,15.884934,-12.052931,0.010472642,0.0028928234,0.9587222,0.020059865,0.24672253,-0.08631827,3.0003626,-4.6760063,4.6760063,0.03252548,1.0,0.9023009,12.207334,-8.961116,0.011817832,0.002823053,0.95571303,0.021374961,0.0024026715278625487,1854.072372674942,755000
-4.6149855,4.6149855,0.008117157,1.0,0.7347517,12.91797,-9.485153,0.010652769,0.00333864,0.96713066,0.020324076,0.1042035,-0.24880192,3.056059,-4.640207,4.640207,0.01820576,1.0,0.9979976,9.713189,-8.379353,0.013149109,0.0032011461,0.9661044,0.022810154,0.005057465171813965,1879.3597025871277,760000
-4.615237,4.615237,0.008217729,1.0,0.65384746,10.144713,-15.037523,0.010179607,0.003677912,0.8512907,0.018692514,0.13879809,-0.33330914,4.16972,-4.6632013,4.6632013,0.027403686,1.0,0.8261626,9.202816,-13.617142,0.013153089,0.0049408725,0.85874104,0.0217405,0.002461240768432617,1891.6659100055695,765000
-4.6175747,4.6175747,0.00915268,1.0,0.6112056,15.884934,-10.859533,0.008488724,0.002400675,0.904774,0.017536465,0.1387773,-0.15711445,2.3362412,-4.6410294,4.6410294,0.018534867,1.0,0.7592982,10.40996,-11.774338,0.014362085,0.006837478,0.889935,0.023261435,0.002461005353927612,1903.9709403514862,770000
-4.615473,4.615473,0.008312088,1.0,0.79824543,13.389309,-10.937672,0.011200575,0.0032506268,0.883415,0.020034725,0.3671385,-0.14140846,4.283986,-4.6431327,4.6431327,0.019376043,1.0,0.9496186,12.58556,-10.374113,0.01364307,0.0041887723,0.8814846,0.022457916,0.002418544769287109,1916.0636684894562,775000
-4.6164126,4.6164126,0.0086880075,1.0,0.794953,13.0478115,-10.672162,0.010149593,0.0022222875,0.84761596,0.018625753,0.046186578,-0.06434449,1.0831438,-4.6771913,4.6771913,0.032999456,1.0,0.874888,10.466691,-13.3187475,0.012414612,0.0037027602,0.8563628,0.02097824,0.002430485439300537,1928.2160992622375,780000
-4.6147966,4.6147966,0.008041817,1.0,0.6794923,13.378658,-14.407551,0.008929958,0.002156601,0.8431708,0.017361667,0.09221358,-0.054155443,1.3922012,-4.6412687,4.6412687,0.0186306,1.0,0.871446,10.67367,-10.668692,0.013058303,0.0043877205,0.840548,0.021463782,0.0024331377983093263,1940.3817925453186,785000
-4.6146736,4.6146736,0.007992412,1.0,0.70816463,11.269886,-13.058477,0.008542554,0.0014756653,0.86895555,0.017232109,0.035844393,-0.01771341,0.55814844,-4.661566,4.661566,0.026749386,1.0,0.8735725,12.58556,-12.258279,0.011409114,0.002700393,0.8550401,0.019959515,0.002420272159576416,1952.483157634735,790000
-4.616705,4.616705,0.008805032,1.0,0.770339,13.9314,-13.99725,0.009300038,0.0016127765,0.8629204,0.017929241,0.038132872,-0.072458796,1.0466104,-4.6450167,4.6450167,0.020129744,1.0,0.83535606,12.58556,-19.111374,0.011531122,0.003209658,0.86049306,0.020136053,0.002427932643890381,1964.6228249073029,795000
-4.615705,4.615705,0.008404893,1.0,0.7163557,11.319337,-8.648125,0.00930687,0.002164964,0.9060849,0.018367719,0.11478532,-0.05649167,1.5362704,-4.661076,4.661076,0.026553487,1.0,0.93244827,12.58556,-10.239574,0.013021527,0.0037343886,0.8829527,0.021851053,0.002481725025177002,1977.0314545631409,800000
-4.614011,4.614011,0.007727243,1.0,0.7462456,13.330667,-10.859533,0.009048118,0.0016016786,0.7523007,0.016571125,0.10019221,-0.044450957,1.3104197,-4.6474667,4.6474667,0.02110956,1.0,0.8443912,12.58556,-11.901544,0.011620318,0.003208491,0.75140536,0.01913437,0.002463690662384033,1989.3499119281769,805000
-4.6165323,4.6165323,0.008736002,1.0,0.6615194,15.884934,-12.695133,0.008618955,0.002024002,0.8095869,0.016714823,0.028322376,-0.039649457,0.799958,-4.643364,4.643364,0.01946868,1.0,0.784559,11.132191,-14.616144,0.011439417,0.0036301278,0.81132036,0.01955262,0.0024117533206939696,2001.408682346344,810000
-4.6145525,4.6145525,0.007943998,1.0,0.70024246,15.884934,-15.929528,0.009706046,0.0027309312,0.84550655,0.01816111,0.053383343,-0.18978739,2.1187453,-4.669737,4.669737,0.030017707,1.0,0.7907771,12.58556,-17.004116,0.011250092,0.003376082,0.82804143,0.019530505,0.002410600471496582,2013.4616889953613,815000
-4.614223,4.614223,0.0078122267,1.0,0.7208173,14.475532,-12.211674,0.009568697,0.0023843683,0.74300295,0.016998727,0.30711746,-0.07581302,3.1351786,-4.6655965,4.6655965,0.028361565,1.0,0.8847401,11.238242,-12.797988,0.0118281655,0.0030108728,0.73608875,0.019189052,0.002414972686767578,2025.5365562438965,820000
-4.6146064,4.6146064,0.007965537,1.0,0.71130466,11.282934,-9.575719,0.01112466,0.004052135,0.8027175,0.019151835,0.2772066,-0.09063219,3.1284666,-4.6609554,4.6609554,0.02650517,1.0,0.9829071,11.933348,-14.391177,0.014440392,0.0046579004,0.7863508,0.0223039,0.002427766132354736,2037.675390958786,825000
-4.6143494,4.6143494,0.007862632,1.0,0.6797849,14.690267,-10.668211,0.009427492,0.0026562058,0.83726645,0.017800156,0.029030954,-0.04810032,0.93621945,-4.658362,4.658362,0.025467778,1.0,0.84671193,9.930286,-13.811694,0.013164529,0.0047448585,0.82753974,0.021439925,0.0024424516677856445,2049.8876531124115,830000
-4.6147847,4.6147847,0.008036874,1.0,0.7357216,14.99565,-12.654285,0.010039645,0.0027095252,0.8367799,0.018407444,0.35779315,-0.111354254,3.6562867,-4.6477923,4.6477923,0.021239936,1.0,0.90411556,12.58556,-11.6210785,0.016769713,0.007806624,0.81375736,0.024907287,0.002482310438156128,2062.299209833145,835000
-4.6135283,4.6135283,0.007534222,1.0,0.72334725,12.54845,-10.307165,0.0093567055,0.0021446801,0.7323445,0.016680151,0.28890502,-0.09667291,2.950614,-4.6456857,4.6456857,0.020397216,1.0,0.9105592,12.58556,-13.956781,0.012806008,0.0037377942,0.7343784,0.020149792,0.0024415600299835206,2074.5070140361786,840000
-4.614929,4.614929,0.008094698,1.0,0.73069906,11.124355,-15.929528,0.009898424,0.0026176088,0.7489169,0.017387593,0.09872154,-0.29466265,2.7846699,-4.6517344,4.6517344,0.022816796,1.0,0.8165164,12.58556,-12.309923,0.012257475,0.0041336473,0.73892707,0.019646745,0.0024430132865905763,2086.7220866680145,845000
-4.6153126,4.6153126,0.008247874,1.0,0.6728109,15.884934,-10.859533,0.008949976,0.002244311,0.80961716,0.017046148,0.14222325,-0.04356381,1.5658631,-4.6707373,4.6707373,0.030417984,1.0,0.7663678,11.8510685,-14.677611,0.010537016,0.0029023616,0.8168498,0.018705513,0.002428695821762085,2098.865569829941,850000
-4.6141624,4.6141624,0.0077878535,1.0,0.70823604,13.232697,-14.867063,0.009272341,0.0022121028,0.790171,0.01717405,0.026688641,-0.014116453,0.60590017,-4.655655,4.655655,0.024384972,1.0,1.039683,12.008534,-17.50078,0.013059122,0.0026891846,0.77338475,0.020792969,0.0024474802017211915,2111.102975130081,855000
-4.615049,4.615049,0.008142508,1.0,0.6032389,13.186731,-15.929528,0.0080473805,0.0020353454,0.6874312,0.014921693,0.09986585,-0.06567613,1.3757019,-4.6485004,4.6485004,0.021523185,1.0,0.8807894,10.953721,-16.549582,0.0120419245,0.003266698,0.6821107,0.018863032,0.0024764934062957763,2123.4854459762573,860000
-4.6154075,4.6154075,0.008285844,1.0,0.6644396,12.286132,-15.538436,0.008678712,0.0020548652,0.73361325,0.016014844,0.030888947,-0.052149754,0.85659146,-4.65969,4.65969,0.02599886,1.0,0.99314773,12.3648,-19.111374,0.012386582,0.0024799043,0.7115234,0.019501816,0.002442674350738525,2135.6988213062286,865000
-4.614797,4.614797,0.008041832,1.0,0.7127026,13.4853945,-15.929528,0.009603165,0.002501152,0.7603359,0.017206524,0.028065667,-0.038533226,0.7049907,-4.6482167,4.6482167,0.021409575,1.0,0.8088598,11.396592,-12.907508,0.010757757,0.0026961213,0.74017465,0.018159503,0.00244846396446228,2147.9411447048187,870000
-4.614547,4.614547,0.007941683,1.0,0.7142086,12.938206,-13.929533,0.009648709,0.002531943,0.7184188,0.016832896,0.033397682,-0.03510969,0.70488983,-4.657168,4.657168,0.024990117,1.0,0.834475,12.58556,-9.123275,0.012145719,0.0038393633,0.7179215,0.019324932,0.002427369976043701,2160.077998638153,875000
-4.6150513,4.6150513,0.00814339,1.0,0.6095292,15.692441,-15.624319,0.008601832,0.0025318589,0.7339715,0.015941547,0.056028243,-0.04490111,0.9607506,-4.6509314,4.6509314,0.022495626,1.0,0.8296467,12.58556,-8.305997,0.011712356,0.0034503932,0.7221271,0.018933626,0.0024340476036071776,2172.2482404708862,880000
-4.6143913,4.6143913,0.007879407,1.0,0.797411,13.850767,-13.506299,0.010823045,0.0028777118,0.7548641,0.018371686,0.11444798,-0.3143752,2.8468804,-4.66323,4.66323,0.027414907,1.0,0.83412015,12.58556,-12.68477,0.012767454,0.0044709626,0.7418424,0.020185877,0.0024295362949371337,2184.3959259986877,885000
-4.617201,4.617201,0.009003211,1.0,0.63920164,15.337424,-15.929528,0.009268543,0.002905582,0.6763487,0.016032029,0.072967984,-0.07916344,1.1291059,-4.6637964,4.6637964,0.027641473,1.0,0.7898549,12.58556,-19.111374,0.012783206,0.004933998,0.6622027,0.019405233,0.0024807383060455324,2196.7996208667755,890000
-4.616075,4.616075,0.008552994,1.0,0.754579,12.628788,-15.672325,0.010820234,0.00330752,0.7300216,0.018120449,0.03187488,-0.09336063,1.2351589,-4.6648207,4.6648207,0.02805136,1.0,0.77048564,10.774633,-15.966381,0.011501985,0.0038354846,0.724853,0.018750515,0.002500051212310791,2209.299880504608,895000
-4.6142488,4.6142488,0.007822492,1.0,0.70236135,14.821108,-15.929528,0.008729935,0.001723557,0.7260827,0.015990762,0.023684358,-0.042847004,0.7853793,-4.6686106,4.6686106,0.02956723,1.0,0.7926141,12.58556,-13.838772,0.011835137,0.0039484827,0.7234999,0.019070137,0.0024717178821563723,2221.6584737300873,900000
-4.6146193,4.6146193,0.007970603,1.0,0.60143244,13.241878,-15.929528,0.009407944,0.003427899,0.7836997,0.01724494,0.08534294,-0.31743285,2.9176688,-4.643515,4.643515,0.019528901,1.0,0.80367374,10.446697,-17.182867,0.012298366,0.0043046763,0.7629883,0.019928249,0.0024180944919586183,2233.7489500045776,905000
-4.614765,4.614765,0.008028912,1.0,0.7497169,11.893289,-15.929528,0.009997344,0.002525429,0.74882114,0.017485555,0.04163527,-0.04126535,1.0586506,-4.685454,4.685454,0.03630452,1.0,0.9387401,12.58556,-13.585948,0.01321471,0.0038659687,0.7310994,0.020525705,0.002430390501022339,2245.900906562805,910000
-4.6155314,4.6155314,0.008335577,1.0,0.6427865,15.884934,-15.929528,0.008688554,0.0022835243,0.7970891,0.016659446,0.16235203,-0.042249583,1.6752812,-4.663469,4.663469,0.02751044,1.0,0.70278084,12.58556,-17.868822,0.013256395,0.006291502,0.7885731,0.021142125,0.002418175172805786,2257.991785764694,915000
-4.614734,4.614734,0.008016577,1.0,0.76710606,12.348435,-15.929528,0.009681795,0.002031046,0.7589288,0.017271083,0.04545936,-0.038127545,0.6247726,-4.6364613,4.6364613,0.016707337,1.0,0.87825155,12.58556,-19.111374,0.013213873,0.0044761193,0.7344273,0.020558145,0.002416947031021118,2270.0765249729156,920000
-4.615528,4.615528,0.008334163,1.0,0.7933003,13.382854,-15.929528,0.010151771,0.0022411807,0.7739256,0.017891027,0.055766515,-0.16079336,1.6916558,-4.665925,4.665925,0.028492898,1.0,0.8964535,12.58556,-15.664196,0.0116102565,0.0026724467,0.75607336,0.01917099,0.0024284099102020265,2282.2185785770416,925000
-4.6145315,4.6145315,0.0079357205,1.0,0.757625,15.884934,-14.138385,0.009013887,0.0014521579,0.75382376,0.016552124,0.068136856,-0.031011177,0.9700472,-4.6585007,4.6585007,0.025523258,1.0,0.8818788,12.58556,-16.334087,0.012847618,0.0040695257,0.7415392,0.020263009,0.002479550886154175,2294.616336584091,930000
-4.6154337,4.6154337,0.008296613,1.0,0.6433091,10.063039,-15.929528,0.009042885,0.002636156,0.67643917,0.015807277,0.12069142,-0.046726137,1.3866572,-4.6601048,4.6601048,0.026164854,1.0,0.9572397,12.164706,-17.992119,0.013268312,0.003733249,0.6590588,0.0198589,0.0024377619743347167,2306.8051505088806,935000
-4.6151323,4.6151323,0.008175927,1.0,0.62524873,13.789912,-15.929528,0.0078033814,0.00156656,0.70708555,0.014874237,0.10426497,-0.03358526,1.1953987,-4.8062277,4.8062277,0.08461385,1.0,0.8933034,12.58556,-14.049679,0.015213286,0.0063436897,0.6945214,0.0221585,0.0024373331069946287,2318.9918208122253,940000
-4.6189413,4.6189413,0.009699512,1.0,0.8238014,12.407671,-15.929528,0.009722581,0.0014995632,0.70621115,0.016784692,0.069166414,-0.032981187,1.0845842,-4.726839,4.726839,0.052858602,1.0,0.97700495,12.58556,-13.693016,0.012285687,0.0025410494,0.6982031,0.019267717,0.0024348896026611328,2331.1662724018097,945000
-4.6149335,4.6149335,0.008096381,1.0,0.68087953,15.884934,-15.929528,0.008468068,0.0016760334,0.7057799,0.015525867,0.051194314,-0.09054887,1.1138788,-4.6539755,4.6539755,0.023713125,1.0,0.9324552,12.58556,-19.013239,0.0148357265,0.005566844,0.69919825,0.021827709,0.002455878257751465,2343.4456672668457,950000
-4.6164627,4.6164627,0.008708048,1.0,0.69168025,15.228839,-15.929528,0.009249658,0.0023564205,0.7213127,0.016462784,0.0392542,-0.049732205,1.0902982,-4.711538,4.711538,0.04673824,1.0,0.9705202,12.58556,-17.159416,0.012052167,0.0023706723,0.7131095,0.019183261,0.002483575534820557,2355.8635487556458,955000
-4.6150436,4.6150436,0.008140345,1.0,0.69384325,15.884934,-15.929528,0.010170013,0.0032642228,0.7305295,0.017475307,0.045994632,-0.07515926,1.1446414,-4.6770544,4.6770544,0.032944653,1.0,0.9334558,12.58556,-19.111374,0.013454888,0.0041619497,0.72939974,0.020748885,0.0024724388122558593,2368.225746870041,960000
-4.61399,4.61399,0.007718861,1.0,0.8134972,13.617761,-15.929528,0.0105459,0.0024352826,0.70079076,0.017553808,0.055700954,-0.20316768,1.9559524,-4.72904,4.72904,0.05373902,1.0,0.7917954,12.58556,-19.111374,0.01223881,0.0043645008,0.69153345,0.019154144,0.002445880842208862,2380.4551548957825,965000
-4.615142,4.615142,0.00817984,1.0,0.82069427,14.97621,-14.524959,0.01050649,0.002322776,0.7142796,0.017649285,0.072323725,-0.24111845,2.1250205,-4.6753674,4.6753674,0.032269903,1.0,0.99326235,11.712234,-19.111374,0.012139495,0.002229164,0.6965009,0.019104505,0.0024143643379211425,2392.526980161667,970000
-4.6162367,4.6162367,0.0086174905,1.0,0.7834816,15.884934,-14.423612,0.01013798,0.0023264284,0.72498477,0.017387828,0.037975006,-0.08269503,1.2379175,-4.655636,4.655636,0.024377408,1.0,0.93991995,12.58556,-16.994919,0.012115316,0.0027435543,0.71256506,0.019240968,0.002417166090011597,2404.6128146648407,975000
-4.616312,4.616312,0.00864771,1.0,0.7173393,15.256334,-15.929528,0.00926838,0.0021161486,0.7306499,0.016574878,0.30485287,-0.073144265,2.689034,-4.7526217,4.7526217,0.06317158,1.0,0.9053391,12.58556,-19.111374,0.012989691,0.0039760615,0.7241932,0.020231623,0.002474202013015747,2416.9838280677795,980000
-4.6129055,4.6129055,0.007285253,1.0,0.762851,15.884934,-15.929528,0.009795893,0.0021892763,0.6975825,0.016771717,0.099192634,-0.04227247,1.2046883,-4.6762295,4.6762295,0.032614734,1.0,0.88978004,12.398632,-19.111374,0.012294557,0.0034310678,0.68473476,0.019141905,0.002471099090576172,2429.339327096939,985000
-4.615982,4.615982,0.008515841,1.0,0.74107254,15.614691,-13.877075,0.009024792,0.0016303713,0.7245355,0.016270148,0.022659363,-0.06048797,0.84505415,-4.6688356,4.6688356,0.029657457,1.0,0.8970345,12.58556,-18.448286,0.013250856,0.004323747,0.72563326,0.020507189,0.0024595524787902833,2441.637093782425,990000
-4.614609,4.614609,0.007966267,1.0,0.83525985,12.66474,-11.85615,0.010730668,0.0024020912,0.6593745,0.017324412,0.037659716,-0.029906206,0.85589707,-4.6520376,4.6520376,0.022937847,1.0,0.96808475,12.58556,-19.111374,0.012380991,0.0027274187,0.6532204,0.018913195,0.00246788592338562,2453.9765276908875,995000
-4.6148596,4.6148596,0.008066791,1.0,0.7968503,15.884934,-15.929528,0.00963402,0.0016823406,0.6523982,0.016158001,0.11147264,-0.0359323,1.2709227,-4.6583824,4.6583824,0.025475884,1.0,0.94478536,12.58556,-16.783358,0.012539392,0.0031227674,0.6429838,0.01896923,0.002418473196029663,2466.0688977241516,1000000
